Country,Year,Happiness Rank,Happiness Score,Economy (GDP per Capita),Social support,Health (Life Expectancy),Freedom,Corruption Perceptions,Generosity
Afghanistan,2015,153,3.575,0.31982,0.30285,0.30335,0.23414,0.09719,0.3651
Afghanistan,2016,154,3.36,0.38227,0.11037,0.17344,0.1643,0.07112,0.31268
Afghanistan,2017,141,3.794,0.40148,0.58154,0.18075,0.10618,0.06116,0.31187
Afghanistan,2018,145,3.632,0.332,0.537,0.255,0.085,0.036,0.191
Afghanistan,2019,154,3.203,0.35,0.517,0.361,0,0.025,0.158
Afghanistan,2020,153,2.567,0.87291,0.47037,0.5259,0.39657,0.93369,-0.09643
Afghanistan,2021,149,2.523,0.88621,0.463,0.52493,0.382,0.924,-0.102
Albania,2015,95,4.959,0.87867,0.80434,0.81325,0.35733,0.06413,0.14272
Albania,2016,109,4.655,0.9553,0.50163,0.73007,0.31866,0.05301,0.1684
Albania,2017,109,4.644,0.99619,0.80369,0.73116,0.3815,0.03986,0.20131
Albania,2018,112,4.586,0.916,0.817,0.79,0.419,0.032,0.149
Albania,2019,107,4.719,0.947,0.848,0.874,0.383,0.027,0.178
Albania,2020,105,4.883,0.97396,0.67107,0.68708,0.78199,0.8963,-0.04231
Albania,2021,93,5.117,0.97864,0.697,0.68999,0.785,0.901,-0.03
Algeria,2015,68,5.605,0.93929,1.07772,0.61766,0.28579,0.17383,0.07822
Algeria,2016,38,6.355,1.05266,0.83309,0.61804,0.21006,0.16157,0.07044
Algeria,2017,53,5.872,1.09186,1.14622,0.61758,0.23334,0.1461,0.06944
Algeria,2018,84,5.295,0.979,1.154,0.687,0.077,0.135,0.055
Algeria,2019,88,5.211,1.002,1.16,0.785,0.086,0.114,0.073
Algeria,2020,100,5.005,0.97946,0.80339,0.65905,0.46661,0.73549,-0.12111
Algeria,2021,109,4.887,0.97044,0.802,0.66005,0.48,0.752,-0.067
Angola,2015,137,4.033,0.75778,0.8604,0.16683,0.10384,0.07122,0.12344
Angola,2016,141,3.866,0.84731,0.66366,0.04991,0.00589,0.08434,0.12071
Angola,2017,140,3.795,0.85843,1.10441,0.04987,0,0.06972,0.09793
Angola,2018,142,3.795,0.73,1.125,0.269,0,0.061,0.079
Argentina,2015,30,6.574,1.05351,1.24823,0.78723,0.44974,0.08484,0.11451
Argentina,2016,26,6.65,1.15137,1.06612,0.69711,0.42284,0.07296,0.10989
Argentina,2017,24,6.599,1.1853,1.44045,0.69514,0.49452,0.05974,0.10946
Argentina,2018,29,6.388,1.073,1.468,0.744,0.57,0.054,0.062
Argentina,2019,47,6.086,1.092,1.432,0.881,0.471,0.05,0.066
Argentina,2020,55,5.975,0.99171,0.90057,0.68804,0.83113,0.84201,-0.19491
Argentina,2021,57,5.929,0.99835,0.898,0.69,0.828,0.834,-0.182
Armenia,2015,127,4.35,0.76821,0.77711,0.7299,0.19847,0.039,0.07855
Armenia,2016,121,4.36,0.86086,0.62477,0.64083,0.14037,0.03616,0.07793
Armenia,2017,121,4.376,0.9006,1.00748,0.63752,0.1983,0.02667,0.08349
Armenia,2018,129,4.321,0.816,0.99,0.666,0.26,0.028,0.077
Armenia,2019,116,4.559,0.85,1.055,0.815,0.283,0.064,0.095
Armenia,2020,116,4.677,0.95906,0.75748,0.66751,0.71202,0.77354,-0.13878
Armenia,2021,86,5.283,0.97713,0.799,0.67055,0.825,0.629,-0.168
Australia,2015,10,7.284,1.33358,1.30923,0.93156,0.65124,0.35637,0.43562
Australia,2016,9,7.313,1.44443,1.10476,0.8512,0.56837,0.32331,0.47407
Australia,2017,10,7.284,1.48441,1.51004,0.84389,0.60161,0.30118,0.4777
Australia,2018,10,7.272,1.34,1.573,0.91,0.647,0.302,0.361
Australia,2019,11,7.228,1.372,1.548,1.036,0.557,0.29,0.332
Australia,2020,12,7.223,1.03022,0.94485,0.73605,0.91543,0.41517,0.19046
Australia,2021,11,7.183,1.03326,0.94,0.739,0.914,0.442,0.159
Austria,2015,13,7.2,1.33723,1.29704,0.89042,0.62433,0.18676,0.33088
Austria,2016,12,7.119,1.45038,1.08383,0.80565,0.54355,0.21348,0.32865
Austria,2017,13,7.006,1.4871,1.45994,0.81533,0.56777,0.22106,0.31647
Austria,2018,12,7.139,1.341,1.504,0.891,0.617,0.224,0.242
Austria,2019,10,7.246,1.376,1.475,1.016,0.532,0.226,0.244
Austria,2020,9,7.294,1.03112,0.92805,0.73003,0.89999,0.49995,0.08543
Austria,2021,10,7.268,1.03767,0.934,0.733,0.908,0.481,0.042
Azerbaijan,2015,80,5.212,1.02389,0.93793,0.64045,0.3703,0.16065,0.07799
Azerbaijan,2016,81,5.291,1.12373,0.76042,0.54504,0.35327,0.17914,0.0564
Azerbaijan,2017,85,5.234,1.1536,1.1524,0.54078,0.39816,0.18099,0.04527
Azerbaijan,2018,87,5.201,1.024,1.161,0.603,0.43,0.176,0.031
Azerbaijan,2019,90,5.208,1.043,1.147,0.769,0.351,0.182,0.035
Azerbaijan,2020,89,5.165,0.98622,0.81931,0.65508,0.78682,0.55254,-0.24026
Azerbaijan,2021,90,5.171,0.98087,0.836,0.65656,0.814,0.506,-0.223
Bahrain,2015,49,5.96,1.32376,1.21624,0.74716,0.45492,0.306,0.17362
Bahrain,2016,42,6.218,1.44024,0.94397,0.65696,0.47375,0.25772,0.17147
Bahrain,2017,41,6.087,1.48841,1.32311,0.65313,0.53675,0.25704,0.17267
Bahrain,2018,43,6.105,1.338,1.366,0.698,0.594,0.123,0.243
Bahrain,2019,37,6.199,1.362,1.368,0.871,0.536,0.11,0.255
Bahrain,2020,40,6.227,1.02842,0.87634,0.685,0.90586,0.73935,0.13373
Bahrain,2021,22,6.647,1.02812,0.862,0.69495,0.925,0.722,0.089
Bangladesh,2015,109,4.694,0.39753,0.43106,0.60164,0.4082,0.12569,0.21222
Bangladesh,2016,110,4.643,0.54177,0.24749,0.52989,0.39778,0.12583,0.19132
Bangladesh,2017,110,4.608,0.58668,0.73513,0.53324,0.47836,0.12372,0.17226
Bangladesh,2018,115,4.5,0.532,0.85,0.579,0.58,0.144,0.153
Bangladesh,2019,125,4.456,0.562,0.928,0.723,0.527,0.143,0.166
Bangladesh,2020,107,4.833,0.9184,0.68729,0.64503,0.90062,0.66184,-0.03366
Bangladesh,2021,101,5.025,0.92706,0.693,0.648,0.877,0.682,-0.041
Belarus,2015,59,5.813,1.03192,1.23289,0.73608,0.37938,0.1909,0.11046
Belarus,2016,61,5.802,1.13062,1.04993,0.63104,0.29091,0.17457,0.13942
Belarus,2017,67,5.569,1.15656,1.44495,0.63771,0.2954,0.15631,0.15514
Belarus,2018,73,5.483,1.039,1.498,0.7,0.307,0.154,0.101
Belarus,2019,81,5.323,1.067,1.465,0.789,0.235,0.142,0.094
Belarus,2020,75,5.54,0.99034,0.90675,0.66104,0.63916,0.63571,-0.16493
Belarus,2021,75,5.534,0.99357,0.91,0.66253,0.65,0.627,-0.18
Belgium,2015,19,6.937,1.30782,1.28566,0.89667,0.5845,0.2254,0.2225
Belgium,2016,18,6.929,1.42539,1.05249,0.81959,0.51354,0.26248,0.2424
Belgium,2017,17,6.891,1.46378,1.46231,0.81809,0.53977,0.25134,0.2315
Belgium,2018,16,6.927,1.324,1.483,0.894,0.583,0.24,0.188
Belgium,2019,18,6.923,1.356,1.504,0.986,0.473,0.21,0.16
Belgium,2020,20,6.864,1.02831,0.91163,0.72002,0.81358,0.6123,-0.07869
Belgium,2021,20,6.834,1.03435,0.906,0.72199,0.783,0.646,-0.153
Belize,2016,52,5.956,0.87616,0.68655,0.45569,0.51231,0.10771,0.23684
Belize,2017,50,5.956,0.90798,1.08142,0.45019,0.54751,0.09658,0.24002
Belize,2018,49,5.956,0.807,1.101,0.474,0.593,0.089,0.183
Benin,2015,155,3.34,0.28665,0.35386,0.3191,0.4845,0.0801,0.1826
Benin,2016,153,3.484,0.39499,0.10419,0.21028,0.39747,0.06681,0.2018
Benin,2017,143,3.657,0.43109,0.4353,0.20993,0.42596,0.06093,0.20795
Benin,2018,136,4.141,0.378,0.372,0.24,0.44,0.067,0.163
Benin,2019,102,4.883,0.393,0.437,0.397,0.349,0.082,0.175
Benin,2020,86,5.216,0.88504,0.46867,0.54312,0.73518,0.74053,-0.00354
Benin,2021,99,5.045,0.90779,0.489,0.54713,0.757,0.661,-0.034
Bhutan,2015,79,5.253,0.77042,1.10395,0.57407,0.53206,0.15445,0.47998
Bhutan,2016,84,5.196,0.8527,0.90836,0.49759,0.46074,0.1616,0.48546
Bhutan,2017,97,5.011,0.88542,1.34013,0.49588,0.50154,0.17338,0.47405
Bhutan,2018,97,5.082,0.796,1.335,0.527,0.541,0.171,0.364
Bhutan,2019,95,5.082,0.813,1.321,0.604,0.457,0.167,0.37
Bolivia,2015,51,5.89,0.68133,0.97841,0.5392,0.57414,0.088,0.20536
Bolivia,2016,59,5.822,0.79422,0.83779,0.4697,0.50961,0.07746,0.21698
Bolivia,2017,58,5.823,0.83376,1.22762,0.47363,0.55873,0.06048,0.22556
Bolivia,2018,62,5.752,0.751,1.223,0.508,0.606,0.054,0.141
Bolivia,2019,61,5.779,0.776,1.209,0.706,0.511,0.064,0.137
Bolivia,2020,65,5.747,0.947,0.80311,0.636,0.87587,0.82261,-0.09168
Bolivia,2021,69,5.716,0.95646,0.81,0.63901,0.875,0.839,-0.077
Bosnia and Herzegovina,2015,96,4.949,0.83223,0.91916,0.79081,0.09245,0.00227,0.24808
Bosnia and Herzegovina,2016,87,5.163,0.93383,0.64367,0.70766,0.09511,0,0.29889
Bosnia and Herzegovina,2017,90,5.182,0.98241,1.06934,0.70519,0.2044,0,0.32887
Bosnia and Herzegovina,2018,93,5.129,0.915,1.078,0.758,0.28,0,0.216
Bosnia and Herzegovina,2019,78,5.386,0.945,1.212,0.845,0.212,0.006,0.263
Bosnia and Herzegovina,2020,69,5.674,0.9757,0.8292,0.67808,0.65135,0.93377,0.09827
Bosnia and Herzegovina,2021,64,5.813,0.98182,0.87,0.68098,0.706,0.931,0.113
Botswana,2015,128,4.332,0.99355,1.10464,0.04776,0.49495,0.12474,0.10461
Botswana,2016,137,3.974,1.09426,0.89186,0.34752,0.44089,0.10769,0.12425
Botswana,2017,142,3.766,1.12209,1.22155,0.34176,0.5052,0.09858,0.09935
Botswana,2018,146,3.59,1.017,1.174,0.417,0.557,0.092,0.042
Botswana,2019,148,3.488,1.041,1.145,0.538,0.455,0.1,0.025
Botswana,2020,147,3.479,0.98727,0.77912,0.58924,0.82133,0.77793,-0.25039
Botswana,2021,146,3.467,0.99043,0.784,0.59269,0.824,0.801,-0.246
Brazil,2015,16,6.983,0.98124,1.23287,0.69702,0.49049,0.17521,0.14574
Brazil,2016,17,6.952,1.08754,1.03938,0.61415,0.40425,0.14166,0.15776
Brazil,2017,22,6.635,1.10735,1.43131,0.61655,0.43745,0.11109,0.16235
Brazil,2018,28,6.419,0.986,1.474,0.675,0.493,0.088,0.11
Brazil,2019,32,6.3,1.004,1.439,0.802,0.39,0.086,0.099
Brazil,2020,32,6.376,0.98075,0.89672,0.6648,0.7998,0.7706,-0.10181
Brazil,2021,35,6.33,0.98123,0.882,0.66601,0.804,0.756,-0.071
Bulgaria,2015,134,4.218,1.01216,1.10614,0.76649,0.30587,0.00872,0.11921
Bulgaria,2016,129,4.217,1.11306,0.92542,0.67806,0.21219,0.00615,0.12793
Bulgaria,2017,105,4.714,1.16146,1.43438,0.70822,0.28923,0.01105,0.11318
Bulgaria,2018,100,4.933,1.054,1.515,0.712,0.359,0.009,0.064
Bulgaria,2019,97,5.011,1.092,1.513,0.815,0.311,0.004,0.081
Bulgaria,2020,96,5.102,0.99429,0.93784,0.66804,0.74518,0.93559,-0.14391
Bulgaria,2021,88,5.266,1.00069,0.931,0.67,0.788,0.932,-0.096
Burkina Faso,2015,152,3.587,0.25812,0.85188,0.27125,0.39493,0.12832,0.21747
Burkina Faso,2016,145,3.739,0.31995,0.63054,0.21297,0.3337,0.12533,0.24353
Burkina Faso,2017,134,4.032,0.35023,1.04328,0.21584,0.32437,0.12033,0.25086
Burkina Faso,2018,121,4.424,0.314,1.097,0.254,0.312,0.128,0.175
Burkina Faso,2019,115,4.587,0.331,1.056,0.38,0.255,0.113,0.177
Burkina Faso,2020,112,4.769,0.87324,0.71294,0.53889,0.66556,0.7398,-0.01908
Burkina Faso,2021,113,4.834,0.88525,0.672,0.54151,0.695,0.748,-0.009
Burundi,2015,157,2.905,0.0153,0.41587,0.22396,0.1185,0.10062,0.19727
Burundi,2016,157,2.905,0.06831,0.23442,0.15747,0.0432,0.09419,0.2029
Burundi,2017,154,2.905,0.09162,0.62979,0.15161,0.0599,0.08415,0.20444
Burundi,2018,156,2.905,0.091,0.627,0.145,0.065,0.076,0.149
Burundi,2019,145,3.775,0.046,0.447,0.38,0.22,0.18,0.176
Burundi,2020,140,3.775,0.81242,0.49033,0.534,0.62635,0.60693,-0.01755
Burundi,2021,140,3.775,0.82184,0.49,0.534,0.626,0.607,-0.024
Cambodia,2015,145,3.819,0.46038,0.62736,0.61114,0.66246,0.07247,0.40359
Cambodia,2016,140,3.907,0.55604,0.5375,0.42494,0.58852,0.08092,0.40339
Cambodia,2017,129,4.168,0.60177,1.00624,0.42978,0.63338,0.06811,0.38592
Cambodia,2018,120,4.433,0.549,1.088,0.457,0.696,0.065,0.256
Cambodia,2019,109,4.7,0.574,1.122,0.637,0.609,0.062,0.232
Cambodia,2020,106,4.848,0.91645,0.77308,0.6153,0.9597,0.82277,0.05191
Cambodia,2021,114,4.83,0.92221,0.765,0.62,0.959,0.843,0.034
Cameroon,2015,133,4.252,0.4225,0.88767,0.23402,0.49309,0.05786,0.20618
Cameroon,2016,114,4.513,0.52497,0.62542,0.12698,0.42736,0.06126,0.2268
Cameroon,2017,107,4.695,0.56431,0.94602,0.13289,0.43039,0.05131,0.2363
Cameroon,2018,99,4.975,0.535,0.891,0.182,0.454,0.043,0.183
Cameroon,2019,96,5.044,0.549,0.91,0.331,0.381,0.037,0.187
Cameroon,2020,98,5.085,0.90948,0.70039,0.52705,0.76305,0.85134,-0.0015
Cameroon,2021,91,5.142,0.91323,0.71,0.53515,0.731,0.848,0.026
Canada,2015,5,7.427,1.32629,1.32261,0.90563,0.63297,0.32957,0.45811
Canada,2016,6,7.404,1.44015,1.0961,0.8276,0.5737,0.31329,0.44834
Canada,2017,7,7.316,1.4792,1.48135,0.83456,0.6111,0.28737,0.43554
Canada,2018,7,7.328,1.33,1.532,0.896,0.653,0.291,0.321
Canada,2019,9,7.278,1.365,1.505,1.039,0.584,0.308,0.285
Canada,2020,11,7.232,1.02907,0.92718,0.73602,0.93391,0.39084,0.12477
Canada,2021,14,7.103,1.03246,0.926,0.738,0.915,0.415,0.089
Central African Republic,2015,148,3.678,0.0785,0,0.06699,0.48879,0.08289,0.23835
Central African Republic,2017,155,2.693,0,0,0.01877,0.27084,0.05657,0.28088
Central African Republic,2018,155,3.083,0.024,0,0.01,0.305,0.038,0.218
Central African Republic,2019,155,3.083,0.026,0,0.105,0.225,0.035,0.235
Central African Republic,2020,149,3.476,0.8212,0.31946,0.452,0.64088,0.89181,0.08241
Chad,2015,149,3.667,0.34193,0.76062,0.1501,0.23501,0.05269,0.18386
Chad,2016,144,3.763,0.42214,0.63178,0.03824,0.12807,0.04952,0.18667
Chad,2017,137,3.936,0.43801,0.95386,0.04113,0.16234,0.05358,0.21611
Chad,2018,131,4.301,0.358,0.907,0.053,0.189,0.06,0.181
Chad,2019,132,4.35,0.35,0.766,0.192,0.174,0.078,0.198
Chad,2020,127,4.423,0.8732,0.63239,0.48221,0.58731,0.80276,0.01783
Chad,2021,128,4.355,0.86711,0.619,0.48478,0.579,0.807,0.041
Chile,2015,27,6.67,1.10715,1.12447,0.85857,0.44132,0.12869,0.33363
Chile,2016,24,6.705,1.2167,0.90587,0.81883,0.37789,0.11451,0.31595
Chile,2017,20,6.652,1.25278,1.28402,0.81948,0.3769,0.08229,0.32666
Chile,2018,25,6.476,1.131,1.331,0.808,0.431,0.061,0.197
Chile,2019,26,6.444,1.159,1.369,0.92,0.357,0.056,0.187
Chile,2020,39,6.228,1.00139,0.87971,0.69901,0.7449,0.83824,-0.06567
Chile,2021,43,6.172,1.00307,0.882,0.7,0.742,0.83,-0.044
China,2015,84,5.14,0.89012,0.94675,0.81658,0.51697,0.02781,0.08185
China,2016,83,5.245,1.0278,0.79381,0.73561,0.44012,0.02745,0.04959
China,2017,79,5.273,1.08117,1.16084,0.74142,0.47279,0.02279,0.02881
China,2018,86,5.246,0.989,1.142,0.799,0.597,0.103,0.029
China,2019,93,5.191,1.029,1.125,0.893,0.521,0.1,0.058
China,2020,94,5.124,0.98626,0.79876,0.69289,0.89852,0.75397,-0.18143
China,2021,84,5.339,0.98556,0.811,0.69593,0.904,0.755,-0.146
Colombia,2015,33,6.477,0.91861,1.24018,0.69077,0.53466,0.0512,0.18401
Colombia,2016,31,6.481,1.03032,1.02169,0.59659,0.44735,0.05399,0.15626
Colombia,2017,36,6.357,1.07062,1.40218,0.59503,0.47749,0.04667,0.14901
Colombia,2018,37,6.26,0.96,1.439,0.635,0.531,0.039,0.099
Colombia,2019,43,6.125,0.985,1.41,0.841,0.47,0.034,0.099
Colombia,2020,44,6.163,0.97774,0.88444,0.677,0.83618,0.86457,-0.16124
Colombia,2021,52,6.012,0.98032,0.847,0.68001,0.837,0.841,-0.135
Comoros,2015,140,3.956,0.23906,0.79273,0.36315,0.22917,0.199,0.17441
Comoros,2016,138,3.956,0.27509,0.60323,0.29981,0.15412,0.18437,0.1827
Comoros,2019,142,3.973,0.274,0.757,0.505,0.142,0.078,0.275
Comoros,2020,134,4.289,0.89396,0.62566,0.57349,0.54761,0.78062,0.09001
Comoros,2021,131,4.289,0.90477,0.626,0.57349,0.548,0.781,0.082
Congo (Brazzaville),2015,139,3.989,0.67866,0.6629,0.31051,0.41466,0.11686,0.12388
Congo (Brazzaville),2016,127,4.236,0.77109,0.47799,0.28212,0.37938,0.09753,0.12077
Congo (Brazzaville),2017,124,4.291,0.80896,0.83204,0.28996,0.43503,0.07962,0.12085
Congo (Brazzaville),2018,114,4.559,0.682,0.811,0.343,0.514,0.077,0.091
Congo (Brazzaville),2019,103,4.812,0.673,0.799,0.508,0.372,0.093,0.105
Congo (Brazzaville),2020,88,5.194,0.9313,0.64023,0.57924,0.71906,0.75178,-0.12367
Congo (Brazzaville),2021,83,5.342,0.9094,0.636,0.58221,0.695,0.745,-0.068
Congo (Kinshasa),2015,120,4.517,0,1.0012,0.09806,0.22605,0.07625,0.24834
Congo (Kinshasa),2016,125,4.272,0.05661,0.80676,0.188,0.15602,0.06075,0.25458
Congo (Kinshasa),2017,126,4.28,0.0921,1.22902,0.19141,0.23596,0.06024,0.24646
Congo (Kinshasa),2018,132,4.245,0.069,1.136,0.204,0.312,0.052,0.197
Congo (Kinshasa),2019,127,4.418,0.094,1.125,0.357,0.269,0.053,0.212
Congo (Kinshasa),2020,131,4.311,0.8257,0.67216,0.529,0.70079,0.8094,0.08364
Costa Rica,2015,12,7.226,0.95578,1.23788,0.86027,0.63376,0.10583,0.25497
Costa Rica,2016,14,7.087,1.06879,1.02152,0.76146,0.55225,0.10547,0.22553
Costa Rica,2017,12,7.079,1.10971,1.4164,0.75951,0.58013,0.10011,0.21461
Costa Rica,2018,13,7.072,1.01,1.459,0.817,0.632,0.101,0.143
Costa Rica,2019,12,7.167,1.034,1.441,0.963,0.558,0.093,0.144
Costa Rica,2020,15,7.121,0.98489,0.90155,0.713,0.93474,0.78633,-0.10243
Costa Rica,2021,16,7.069,0.99476,0.891,0.714,0.934,0.809,-0.126
Croatia,2015,62,5.759,1.08254,0.79624,0.78805,0.25883,0.0243,0.05444
Croatia,2016,74,5.488,1.18649,0.60809,0.70524,0.23907,0.04002,0.18434
Croatia,2017,77,5.293,1.22256,0.96798,0.70129,0.25577,0.0431,0.248
Croatia,2018,82,5.321,1.115,1.161,0.737,0.38,0.039,0.12
Croatia,2019,75,5.432,1.155,1.266,0.914,0.296,0.022,0.119
Croatia,2020,79,5.505,1.00307,0.87462,0.70215,0.71484,0.9165,-0.12854
Croatia,2021,60,5.882,1.00932,0.924,0.70799,0.754,0.939,-0.118
Cyprus,2015,67,5.689,1.20813,0.89318,0.92356,0.40672,0.06146,0.30638
Cyprus,2016,69,5.546,1.31857,0.70697,0.8488,0.29507,0.05228,0.27906
Cyprus,2017,65,5.621,1.35594,1.13136,0.84471,0.35511,0.04124,0.27125
Cyprus,2018,61,5.762,1.229,1.191,0.909,0.423,0.035,0.202
Cyprus,2019,49,6.046,1.263,1.223,1.042,0.406,0.041,0.19
Cyprus,2020,45,6.159,1.01727,0.806,0.73702,0.77986,0.85627,0.04373
Cyprus,2021,39,6.223,1.02432,0.802,0.73898,0.763,0.844,-0.015
Czech Republic,2015,31,6.505,1.17898,1.20643,0.84483,0.46364,0.02652,0.10686
Czech Republic,2016,27,6.596,1.30915,1.00793,0.76376,0.41418,0.03986,0.09929
Czech Republic,2017,23,6.609,1.35268,1.43389,0.75444,0.49095,0.03687,0.08811
Czech Republic,2018,21,6.711,1.233,1.489,0.854,0.543,0.034,0.064
Czech Republic,2019,20,6.852,1.269,1.487,0.92,0.457,0.036,0.046
Czech Republic,2020,19,6.911,1.01721,0.91443,0.70048,0.81854,0.85845,-0.23086
Czech Republic,2021,18,6.965,1.0235,0.947,0.70807,0.858,0.868,-0.208
Denmark,2015,3,7.527,1.32548,1.36058,0.87464,0.64938,0.48357,0.34139
Denmark,2016,1,7.526,1.44178,1.16374,0.79504,0.57941,0.44453,0.36171
Denmark,2017,2,7.522,1.48238,1.55112,0.79257,0.62601,0.40077,0.35528
Denmark,2018,3,7.555,1.351,1.59,0.868,0.683,0.408,0.284
Denmark,2019,2,7.6,1.383,1.573,0.996,0.592,0.41,0.252
Denmark,2020,2,7.646,1.03238,0.95599,0.72403,0.95144,0.16849,0.0662
Denmark,2021,2,7.62,1.03874,0.954,0.727,0.946,0.179,0.03
Djibouti,2015,126,4.369,0.44025,0.59207,0.36291,0.46074,0.28105,0.18093
Dominican Republic,2015,98,4.885,0.89537,1.17202,0.66825,0.57672,0.14234,0.21684
Dominican Republic,2016,89,5.155,1.02787,0.99496,0.57669,0.52259,0.12372,0.21286
Dominican Republic,2017,86,5.23,1.07937,1.40242,0.57487,0.55259,0.11395,0.18697
Dominican Republic,2018,83,5.302,0.982,1.441,0.614,0.578,0.106,0.12
Dominican Republic,2019,77,5.425,1.015,1.401,0.779,0.497,0.101,0.113
Dominican Republic,2020,68,5.689,0.9852,0.88209,0.65807,0.8662,0.756,-0.13126
Dominican Republic,2021,73,5.545,0.99131,0.853,0.66102,0.86,0.714,-0.133
Ecuador,2015,48,5.975,0.86402,0.99903,0.79075,0.48574,0.1809,0.11541
Ecuador,2016,51,5.976,0.97306,0.85974,0.68613,0.4027,0.18037,0.10074
Ecuador,2017,44,6.008,1.00082,1.28617,0.68564,0.4552,0.14013,0.15011
Ecuador,2018,48,5.973,0.889,1.33,0.736,0.556,0.12,0.114
Ecuador,2019,50,6.028,0.912,1.312,0.868,0.498,0.087,0.126
Ecuador,2020,58,5.925,0.96596,0.83642,0.685,0.85983,0.80122,-0.12701
Ecuador,2021,66,5.764,0.96909,0.821,0.688,0.842,0.843,-0.124
Egypt,2015,135,4.194,0.8818,0.747,0.61712,0.17288,0.06324,0.11291
Egypt,2016,120,4.362,0.95395,0.49813,0.52116,0.18847,0.10393,0.12706
Egypt,2017,104,4.735,0.9897,0.99747,0.52019,0.28211,0.11438,0.12863
Egypt,2018,122,4.419,0.885,1.025,0.553,0.312,0.107,0.092
Egypt,2019,137,4.166,0.913,1.039,0.644,0.241,0.067,0.076
Egypt,2020,138,4.151,0.96925,0.73545,0.6178,0.70835,0.78773,-0.19688
Egypt,2021,132,4.283,0.9716,0.75,0.61998,0.749,0.795,-0.182
El Salvador,2015,42,6.13,0.76454,1.02507,0.67737,0.4035,0.11776,0.10692
El Salvador,2016,46,6.068,0.8737,0.80975,0.596,0.37269,0.10613,0.08877
El Salvador,2017,45,6.003,0.90978,1.18213,0.59602,0.43245,0.08998,0.07826
El Salvador,2018,40,6.167,0.806,1.231,0.639,0.461,0.082,0.065
El Salvador,2019,35,6.253,0.794,1.242,0.789,0.43,0.074,0.093
El Salvador,2020,34,6.348,0.94983,0.80609,0.66108,0.83381,0.75432,-0.12107
El Salvador,2021,49,6.061,0.95684,0.762,0.66402,0.888,0.688,-0.11
Estonia,2015,73,5.429,1.15174,1.22791,0.77361,0.44888,0.15184,0.0868
Estonia,2016,72,5.517,1.27964,1.05163,0.68098,0.41511,0.18519,0.08423
Estonia,2017,66,5.611,1.32088,1.47667,0.69517,0.47913,0.18325,0.09889
Estonia,2018,63,5.739,1.2,1.532,0.737,0.553,0.174,0.086
Estonia,2019,55,5.893,1.237,1.528,0.874,0.495,0.161,0.103
Estonia,2020,51,6.022,1.01452,0.93473,0.68605,0.87771,0.62307,-0.1117
Estonia,2021,40,6.189,1.0204,0.941,0.688,0.909,0.527,-0.106
Ethiopia,2015,122,4.512,0.19073,0.60406,0.44055,0.4345,0.15048,0.24325
Ethiopia,2016,115,4.508,0.29283,0.37932,0.34578,0.36703,0.1717,0.29522
Ethiopia,2017,119,4.46,0.33923,0.86467,0.35341,0.40884,0.16546,0.31265
Ethiopia,2018,127,4.35,0.308,0.95,0.391,0.452,0.146,0.22
Ethiopia,2019,134,4.286,0.336,1.033,0.532,0.344,0.1,0.209
Ethiopia,2020,136,4.186,0.8756,0.74331,0.5864,0.7408,0.75369,0.04338
Ethiopia,2021,133,4.275,0.88615,0.764,0.59,0.752,0.761,0.082
Finland,2015,6,7.406,1.29025,1.31826,0.88911,0.64169,0.41372,0.23351
Finland,2016,5,7.413,1.40598,1.13464,0.81091,0.57104,0.41004,0.25492
Finland,2017,5,7.469,1.44357,1.54025,0.80916,0.61795,0.38261,0.24548
Finland,2018,1,7.632,1.305,1.592,0.874,0.681,0.393,0.202
Finland,2019,1,7.769,1.34,1.587,0.986,0.596,0.393,0.153
Finland,2020,1,7.809,1.02691,0.95433,0.71901,0.94917,0.19544,-0.05948
Finland,2021,1,7.842,1.03242,0.954,0.72,0.949,0.186,-0.098
France,2015,29,6.575,1.27778,1.26038,0.94579,0.55011,0.20646,0.12332
France,2016,32,6.478,1.39488,1.00508,0.83795,0.46562,0.17808,0.1216
France,2017,31,6.442,1.43092,1.38778,0.84447,0.47022,0.1725,0.12976
France,2018,23,6.489,1.293,1.466,0.908,0.52,0.176,0.098
France,2019,24,6.592,1.324,1.472,1.045,0.436,0.183,0.111
France,2020,23,6.664,1.02466,0.9371,0.73802,0.82547,0.58352,-0.13064
France,2021,21,6.69,1.02955,0.942,0.74,0.822,0.571,-0.147
Gabon,2015,143,3.896,1.06024,0.90528,0.43372,0.31914,0.11091,0.06822
Gabon,2016,134,4.121,1.15851,0.72368,0.3494,0.28098,0.09314,0.06244
Gabon,2017,118,4.465,1.19821,1.15562,0.35658,0.31233,0.07605,0.04379
Gabon,2018,103,4.758,1.036,1.164,0.404,0.356,0.052,0.032
Gabon,2019,104,4.799,1.057,1.183,0.571,0.295,0.055,0.043
Gabon,2020,108,4.829,0.9859,0.78789,0.59715,0.70483,0.84915,-0.22226
Gabon,2021,112,4.852,0.98241,0.776,0.59962,0.731,0.84,-0.2
Gambia,2019,120,4.516,0.308,0.939,0.428,0.382,0.167,0.269
Gambia,2020,113,4.751,0.86462,0.69317,0.55012,0.73316,0.69072,0.3432
Gambia,2021,98,5.051,0.8857,0.69,0.5516,0.697,0.746,0.424
Georgia,2015,130,4.297,0.7419,0.38562,0.72926,0.40577,0.38331,0.05547
Georgia,2016,126,4.252,0.83792,0.19249,0.64035,0.32461,0.3188,0.06786
Georgia,2017,125,4.286,0.95061,0.57061,0.64955,0.30941,0.25167,0.05401
Georgia,2018,128,4.34,0.853,0.592,0.643,0.375,0.215,0.038
Georgia,2019,119,4.519,0.886,0.666,0.752,0.346,0.164,0.043
Georgia,2020,117,4.673,0.96502,0.62903,0.64495,0.80164,0.66594,-0.22892
Georgia,2021,108,4.891,0.98159,0.671,0.643,0.783,0.655,-0.238
Germany,2015,26,6.75,1.32792,1.29937,0.89186,0.61477,0.21843,0.28214
Germany,2016,16,6.994,1.44787,1.09774,0.81487,0.53466,0.28551,0.30452
Germany,2017,16,6.951,1.48792,1.47252,0.79895,0.56251,0.27673,0.33627
Germany,2018,15,6.965,1.34,1.474,0.861,0.586,0.28,0.273
Germany,2019,17,6.985,1.373,1.454,0.987,0.495,0.265,0.261
Germany,2020,17,7.076,1.03071,0.89887,0.72202,0.86737,0.45642,0.08018
Germany,2021,13,7.155,1.03635,0.903,0.725,0.875,0.46,0.011
Ghana,2015,114,4.633,0.54558,0.67954,0.40132,0.42342,0.04355,0.23087
Ghana,2016,124,4.276,0.63107,0.49353,0.29681,0.40973,0.0326,0.21203
Ghana,2017,131,4.12,0.66722,0.87366,0.29564,0.42303,0.02534,0.25692
Ghana,2018,108,4.657,0.592,0.896,0.337,0.499,0.029,0.212
Ghana,2019,98,4.996,0.611,0.868,0.486,0.381,0.04,0.245
Ghana,2020,91,5.148,0.92172,0.7286,0.57204,0.7948,0.84796,0.09417
Ghana,2021,95,5.088,0.93349,0.727,0.57586,0.807,0.848,0.123
Greece,2015,102,4.857,1.15406,0.92933,0.88213,0.07699,0.01397,0
Greece,2016,99,5.033,1.24886,0.75473,0.80029,0.05822,0.04127,0
Greece,2017,87,5.227,1.28949,1.23941,0.8102,0.09573,0.04329,0
Greece,2018,79,5.358,1.154,1.202,0.879,0.131,0.044,0
Greece,2019,82,5.287,1.181,1.156,0.999,0.067,0.034,0
Greece,2020,77,5.515,1.00571,0.81438,0.72405,0.54135,0.85993,-0.30091
Greece,2021,68,5.723,1.01195,0.823,0.726,0.582,0.823,-0.288
Guatemala,2015,43,6.123,0.74553,1.04356,0.64425,0.57733,0.09472,0.27489
Guatemala,2016,39,6.324,0.83454,0.87119,0.54039,0.50379,0.08701,0.28808
Guatemala,2017,29,6.454,0.872,1.25559,0.54024,0.53131,0.07722,0.28349
Guatemala,2018,30,6.382,0.781,1.268,0.608,0.604,0.071,0.179
Guatemala,2019,27,6.436,0.8,1.269,0.746,0.535,0.078,0.175
Guatemala,2020,29,6.399,0.9506,0.81662,0.64809,0.90815,0.78324,-0.04294
Guatemala,2021,30,6.435,0.95679,0.813,0.64958,0.906,0.775,-0.038
Guinea,2015,150,3.656,0.17417,0.46475,0.24009,0.37725,0.12139,0.28657
Guinea,2016,151,3.607,0.22415,0.3109,0.18829,0.30953,0.1192,0.29914
Guinea,2017,149,3.507,0.24455,0.79124,0.19413,0.34859,0.11094,0.26482
Guinea,2018,140,3.964,0.344,0.792,0.211,0.394,0.094,0.185
Guinea,2019,118,4.534,0.38,0.829,0.375,0.332,0.086,0.207
Guinea,2020,102,4.949,0.88936,0.63757,0.54468,0.70685,0.76179,0.07633
Guinea,2021,102,4.984,0.89421,0.639,0.55008,0.697,0.766,0.095
Haiti,2015,119,4.518,0.26673,0.74302,0.38847,0.24425,0.17175,0.46187
Haiti,2016,136,4.028,0.34097,0.29561,0.27494,0.12072,0.14476,0.47958
Haiti,2017,145,3.603,0.36861,0.64045,0.27732,0.03037,0.09987,0.4892
Haiti,2018,148,3.582,0.315,0.714,0.289,0.025,0.104,0.392
Haiti,2019,147,3.597,0.323,0.688,0.449,0.026,0.11,0.419
Haiti,2020,142,3.721,0.8699,0.59325,0.55599,0.53783,0.68477,0.40053
Haiti,2021,143,3.615,0.87373,0.54,0.557,0.593,0.721,0.422
Honduras,2015,105,4.788,0.59532,0.95348,0.6951,0.40148,0.06825,0.23027
Honduras,2016,104,4.871,0.69429,0.75596,0.58383,0.26755,0.06906,0.2044
Honduras,2017,91,5.181,0.73057,1.14394,0.58257,0.34808,0.07335,0.23619
Honduras,2018,72,5.504,0.62,1.205,0.622,0.459,0.074,0.197
Honduras,2019,59,5.86,0.642,1.236,0.828,0.507,0.078,0.246
Honduras,2020,56,5.953,0.92555,0.82187,0.67199,0.8706,0.80113,0.08697
Honduras,2021,59,5.919,0.93692,0.812,0.673,0.857,0.809,0.081
Hong Kong,2015,72,5.474,1.38604,1.05818,1.01328,0.59608,0.37124,0.39478
Hong Kong,2016,75,5.458,1.5107,0.87021,0.95277,0.48079,0.31647,0.40097
Hong Kong,2018,76,5.43,1.405,1.29,1.03,0.524,0.291,0.246
Hong Kong,2019,76,5.43,1.438,1.277,1.122,0.44,0.287,0.258
Hong Kong S.A.R. of China,2020,78,5.51,1.03881,0.84597,0.76772,0.77983,0.42061,0.13498
Hong Kong S.A.R. of China,2021,77,5.477,1.04139,0.836,0.7682,0.717,0.403,0.067
"Hong Kong S.A.R., China",2017,71,5.472,1.55167,1.26279,0.94306,0.49097,0.29393,0.37447
Hungary,2015,104,4.8,1.12094,1.20215,0.75905,0.32112,0.02758,0.128
Hungary,2016,91,5.145,1.24142,0.93164,0.67608,0.1977,0.04472,0.099
Hungary,2017,75,5.324,1.28601,1.34313,0.68776,0.17586,0.03664,0.0784
Hungary,2018,69,5.62,1.171,1.401,0.732,0.259,0.022,0.061
Hungary,2019,62,5.758,1.201,1.41,0.828,0.199,0.02,0.081
Hungary,2020,53,6,1.01069,0.92193,0.6761,0.71896,0.89292,-0.19432
Hungary,2021,53,5.992,1.01528,0.943,0.68,0.755,0.876,-0.186
Iceland,2015,2,7.561,1.30232,1.40223,0.94784,0.62877,0.14145,0.4363
Iceland,2016,3,7.501,1.42666,1.18326,0.86733,0.56624,0.14975,0.47678
Iceland,2017,3,7.504,1.48063,1.61057,0.83355,0.62716,0.15353,0.47554
Iceland,2018,4,7.495,1.343,1.644,0.914,0.677,0.138,0.353
Iceland,2019,4,7.494,1.38,1.624,1.026,0.591,0.118,0.354
Iceland,2020,4,7.504,1.03232,0.97467,0.73,0.94889,0.71171,0.24694
Iceland,2021,4,7.554,1.03655,0.983,0.73,0.955,0.673,0.16
India,2015,117,4.565,0.64499,0.38174,0.51529,0.39786,0.08492,0.26475
India,2016,118,4.404,0.74036,0.29247,0.45091,0.40285,0.08722,0.25028
India,2017,122,4.315,0.79222,0.75437,0.45543,0.46999,0.09223,0.23154
India,2018,133,4.19,0.721,0.747,0.485,0.539,0.093,0.172
India,2019,140,4.015,0.755,0.765,0.588,0.498,0.085,0.2
India,2020,144,3.573,0.94693,0.5922,0.60215,0.88144,0.77204,0.05755
India,2021,139,3.819,0.94226,0.603,0.60633,0.893,0.774,0.089
Indonesia,2015,74,5.399,0.82827,1.08708,0.63793,0.46611,0,0.51535
Indonesia,2016,79,5.314,0.95104,0.87625,0.49374,0.39237,0.00322,0.56521
Indonesia,2017,81,5.262,0.99554,1.27444,0.49235,0.44332,0.01532,0.6117
Indonesia,2018,96,5.093,0.899,1.215,0.522,0.538,0.018,0.484
Indonesia,2019,92,5.192,0.931,1.203,0.66,0.491,0.028,0.498
Indonesia,2020,84,5.286,0.97173,0.80838,0.62156,0.87061,0.8763,0.51959
Indonesia,2021,82,5.345,0.97151,0.811,0.62236,0.873,0.867,0.542
Iran,2015,110,4.686,1.0088,0.54447,0.69805,0.30033,0.05863,0.38086
Iran,2016,105,4.813,1.11758,0.38857,0.64232,0.22544,0.0557,0.38538
Iran,2017,108,4.692,1.15687,0.71155,0.63933,0.24932,0.04876,0.38724
Iran,2018,106,4.707,1.059,0.771,0.691,0.459,0.129,0.282
Iran,2019,117,4.548,1.1,0.842,0.785,0.305,0.125,0.27
Iran,2020,118,4.672,0.99183,0.69469,0.66006,0.64787,0.71464,0.11789
Iran,2021,118,4.721,0.98155,0.71,0.663,0.608,0.714,0.218
Iraq,2015,112,4.677,0.98549,0.81889,0.60237,0,0.13788,0.17922
Iraq,2016,112,4.575,1.07474,0.59205,0.51076,0.24856,0.13636,0.19589
Iraq,2017,117,4.497,1.10271,0.97861,0.50118,0.28856,0.10722,0.19964
Iraq,2018,117,4.456,1.01,0.971,0.536,0.304,0.095,0.148
Iraq,2019,126,4.437,1.043,0.98,0.574,0.241,0.089,0.148
Iraq,2020,110,4.785,0.98503,0.74769,0.59904,0.63318,0.82226,-0.06956
Iraq,2021,111,4.854,0.96567,0.746,0.60583,0.63,0.875,-0.053
Ireland,2015,18,6.94,1.33596,1.36948,0.89533,0.61777,0.28703,0.45901
Ireland,2016,19,6.907,1.48341,1.16157,0.81455,0.54008,0.29754,0.44963
Ireland,2017,15,6.977,1.53571,1.55823,0.80978,0.57311,0.29839,0.42786
Ireland,2018,14,6.977,1.448,1.583,0.876,0.614,0.306,0.307
Ireland,2019,16,7.021,1.499,1.553,0.999,0.516,0.31,0.298
Ireland,2020,16,7.094,1.0477,0.94208,0.72301,0.88698,0.35718,0.14578
Ireland,2021,15,7.085,1.05469,0.947,0.724,0.879,0.363,0.077
Israel,2015,11,7.278,1.22857,1.22393,0.91387,0.41319,0.07785,0.33172
Israel,2016,11,7.267,1.33766,0.99537,0.84917,0.36432,0.08728,0.32288
Israel,2017,11,7.213,1.37538,1.37629,0.8384,0.40599,0.08524,0.33008
Israel,2018,19,6.814,1.301,1.559,0.883,0.533,0.272,0.354
Israel,2019,13,7.139,1.276,1.455,1.029,0.371,0.082,0.261
Israel,2020,14,7.129,1.01776,0.91357,0.732,0.74758,0.78086,0.10259
Israel,2021,12,7.157,1.02428,0.939,0.73503,0.8,0.753,0.031
Italy,2015,50,5.948,1.25114,1.19777,0.95446,0.26236,0.02901,0.22823
Italy,2016,50,5.977,1.35495,1.04167,0.85102,0.18827,0.02556,0.16684
Italy,2017,48,5.964,1.39507,1.44492,0.85314,0.25645,0.02803,0.17279
Italy,2018,47,6,1.264,1.501,0.946,0.281,0.028,0.137
Italy,2019,36,6.223,1.294,1.488,1.039,0.231,0.03,0.158
Italy,2020,30,6.387,1.02044,0.88988,0.73602,0.66465,0.8734,-0.04346
Italy,2021,28,6.483,1.02625,0.88,0.738,0.693,0.866,-0.084
Ivory Coast,2015,151,3.655,0.46534,0.77115,0.15185,0.46866,0.17922,0.20165
Ivory Coast,2016,139,3.916,0.55507,0.57576,0.04476,0.40663,0.1553,0.20338
Ivory Coast,2017,128,4.18,0.60305,0.90478,0.04864,0.44771,0.13006,0.20124
Ivory Coast,2018,107,4.671,0.541,0.872,0.08,0.467,0.103,0.146
Ivory Coast,2019,99,4.944,0.569,0.808,0.232,0.352,0.09,0.154
Ivory Coast,2020,85,5.233,0.91517,0.65805,0.49504,0.72791,0.79077,-0.04399
Ivory Coast,2021,85,5.306,0.93202,0.644,0.50114,0.741,0.794,-0.016
Jamaica,2015,65,5.709,0.81038,1.15102,0.68741,0.50442,0.02299,0.2123
Jamaica,2016,73,5.51,0.89333,0.96372,0.59469,0.43597,0.04294,0.22245
Jamaica,2017,76,5.311,0.92558,1.36822,0.64102,0.47431,0.05527,0.23382
Jamaica,2018,56,5.89,0.819,1.493,0.693,0.575,0.031,0.096
Jamaica,2019,56,5.89,0.831,1.478,0.831,0.49,0.028,0.107
Jamaica,2020,60,5.89,0.95454,0.9157,0.671,0.85807,0.88889,-0.12511
Jamaica,2021,37,6.309,0.96313,0.877,0.675,0.89,0.884,-0.137
Japan,2015,46,5.987,1.27074,1.25712,0.99111,0.49615,0.1806,0.10705
Japan,2016,53,5.921,1.38007,1.06054,0.91491,0.46761,0.18985,0.10224
Japan,2017,51,5.92,1.41692,1.43634,0.91348,0.50563,0.16376,0.12057
Japan,2018,54,5.915,1.294,1.462,0.988,0.553,0.15,0.079
Japan,2019,58,5.886,1.327,1.419,1.088,0.445,0.14,0.069
Japan,2020,62,5.871,1.02447,0.88355,0.75001,0.80996,0.65456,-0.24691
Japan,2021,56,5.94,1.02576,0.884,0.751,0.796,0.638,-0.258
Jordan,2015,82,5.192,0.90198,1.05392,0.69639,0.40661,0.14293,0.11053
Jordan,2016,80,5.303,0.99673,0.86216,0.60712,0.36023,0.13297,0.14262
Jordan,2017,74,5.336,0.99101,1.23909,0.60459,0.41842,0.1198,0.17217
Jordan,2018,90,5.161,0.822,1.265,0.645,0.468,0.134,0.13
Jordan,2019,101,4.906,0.837,1.225,0.815,0.383,0.13,0.11
Jordan,2020,119,4.633,0.9555,0.80216,0.668,0.75105,0.70034,-0.16257
Jordan,2021,127,4.395,0.96294,0.767,0.67,0.755,0.705,-0.167
Kazakhstan,2015,54,5.855,1.12254,1.12241,0.64368,0.51649,0.08454,0.11827
Kazakhstan,2016,54,5.919,1.22943,0.95544,0.57386,0.4052,0.11132,0.15011
Kazakhstan,2017,60,5.819,1.28456,1.38437,0.60604,0.43745,0.11928,0.20196
Kazakhstan,2018,60,5.79,1.143,1.516,0.631,0.454,0.121,0.148
Kazakhstan,2019,60,5.809,1.173,1.508,0.729,0.41,0.096,0.146
Kazakhstan,2020,50,6.058,1.00495,0.93474,0.6461,0.8116,0.76449,-0.06849
Kazakhstan,2021,45,6.152,1.00668,0.952,0.652,0.853,0.733,-0.069
Kenya,2015,125,4.419,0.36471,0.99876,0.41435,0.42215,0.05839,0.37542
Kenya,2016,122,4.356,0.52267,0.7624,0.30147,0.40576,0.06686,0.41328
Kenya,2017,112,4.553,0.56048,1.06795,0.30999,0.45276,0.06464,0.44486
Kenya,2018,124,4.41,0.493,1.048,0.454,0.504,0.055,0.352
Kenya,2019,121,4.509,0.512,0.983,0.581,0.431,0.053,0.372
Kenya,2020,121,4.583,0.9047,0.70265,0.60097,0.82975,0.8315,0.29468
Kenya,2021,121,4.607,0.92226,0.688,0.60704,0.779,0.825,0.287
Kosovo,2015,69,5.589,0.80148,0.81198,0.63132,0.24749,0.04741,0.2831
Kosovo,2016,77,5.401,0.90145,0.66062,0.54,0.14396,0.06547,0.27992
Kosovo,2017,78,5.279,0.95148,1.13785,0.54145,0.26029,0.05747,0.31993
Kosovo,2018,66,5.662,0.855,1.23,0.578,0.448,0.023,0.274
Kosovo,2019,46,6.1,0.882,1.232,0.758,0.489,0.006,0.262
Kosovo,2020,35,6.325,0.964,0.82073,0.63886,0.86154,0.92233,0.19093
Kosovo,2021,33,6.372,0.96932,0.821,0.63813,0.869,0.917,0.257
Kuwait,2015,39,6.295,1.55422,1.16594,0.72492,0.55499,0.25609,0.16228
Kuwait,2016,41,6.239,1.61714,0.87758,0.63569,0.43166,0.23669,0.15965
Kuwait,2017,39,6.105,1.63295,1.2597,0.63211,0.49634,0.21516,0.22829
Kuwait,2018,45,6.083,1.474,1.301,0.675,0.554,0.106,0.167
Kuwait,2019,51,6.021,1.5,1.319,0.808,0.493,0.097,0.142
Kuwait,2020,48,6.102,1.04492,0.84648,0.66768,0.87237,0.76085,-0.10018
Kuwait,2021,47,6.106,1.03411,0.843,0.669,0.867,0.736,-0.104
Kyrgyzstan,2015,77,5.286,0.47428,1.15115,0.65088,0.43477,0.04232,0.3003
Kyrgyzstan,2016,85,5.185,0.56044,0.95434,0.55449,0.40212,0.04762,0.38432
Kyrgyzstan,2017,98,5.004,0.59622,1.39424,0.55346,0.45494,0.03944,0.42858
Kyrgyzstan,2018,92,5.131,0.53,1.416,0.594,0.54,0.035,0.281
Kyrgyzstan,2019,86,5.261,0.551,1.438,0.723,0.508,0.023,0.3
Kyrgyzstan,2020,74,5.542,0.91107,0.88723,0.64106,0.90937,0.8884,0.15477
Kyrgyzstan,2021,67,5.744,0.93136,0.893,0.64401,0.935,0.908,0.119
Laos,2015,99,4.876,0.59066,0.73803,0.54909,0.59591,0.24249,0.42192
Laos,2016,102,4.876,0.68042,0.5497,0.38291,0.52168,0.22423,0.43079
Laos,2018,110,4.623,0.72,1.034,0.441,0.626,0.174,0.23
Laos,2019,105,4.796,0.764,1.03,0.551,0.547,0.164,0.266
Laos,2020,104,4.889,0.94441,0.7375,0.5871,0.90721,0.63468,0.11137
Laos,2021,100,5.03,0.95168,0.728,0.58968,0.91,0.658,0.123
Latvia,2015,89,5.098,1.11312,1.09562,0.72437,0.29671,0.06332,0.18226
Latvia,2016,68,5.56,1.21788,0.95025,0.63952,0.27996,0.0889,0.17445
Latvia,2017,54,5.85,1.26075,1.40471,0.63857,0.32571,0.07384,0.15307
Latvia,2018,53,5.933,1.148,1.454,0.671,0.363,0.066,0.092
Latvia,2019,53,5.94,1.187,1.465,0.812,0.264,0.064,0.075
Latvia,2020,57,5.95,1.00755,0.91829,0.66807,0.67124,0.79558,-0.18689
Latvia,2021,51,6.032,1.01347,0.927,0.671,0.715,0.8,-0.162
Lebanon,2015,103,4.839,1.02564,0.80001,0.83947,0.33916,0.04582,0.21854
Lebanon,2016,93,5.129,1.12268,0.64184,0.76171,0.26228,0.03061,0.23693
Lebanon,2017,88,5.225,1.07499,1.12962,0.73508,0.28852,0.03751,0.26445
Lebanon,2018,80,5.358,0.965,1.179,0.785,0.503,0.136,0.214
Lebanon,2019,91,5.197,0.987,1.224,0.815,0.216,0.027,0.166
Lebanon,2020,111,4.772,0.97136,0.82434,0.67107,0.55136,0.90226,-0.06122
Lebanon,2021,123,4.584,0.98345,0.848,0.67355,0.525,0.898,-0.073
Lesotho,2015,97,4.898,0.37545,1.04103,0.07612,0.31767,0.12504,0.16388
Lesotho,2017,139,3.808,0.52102,1.1901,0,0.39066,0.11909,0.1575
Lesotho,2018,141,3.808,0.472,1.215,0.079,0.423,0.112,0.116
Lesotho,2019,144,3.802,0.489,1.169,0.168,0.359,0.093,0.107
Lesotho,2020,143,3.653,0.90094,0.7805,0.48004,0.73813,0.85739,-0.14573
Lesotho,2021,145,3.512,0.89905,0.787,0.487,0.715,0.915,-0.131
Liberia,2015,116,4.571,0.0712,0.78968,0.34201,0.28531,0.06232,0.24362
Liberia,2016,150,3.622,0.10706,0.50353,0.23165,0.25748,0.04852,0.24063
Liberia,2017,148,3.533,0.11904,0.87212,0.22992,0.33288,0.03895,0.26655
Liberia,2018,149,3.495,0.076,0.858,0.267,0.419,0.03,0.206
Liberia,2019,141,3.975,0.073,0.922,0.443,0.37,0.033,0.233
Liberia,2020,124,4.558,0.84846,0.70928,0.56096,0.73527,0.85638,0.04227
Liberia,2021,120,4.625,0.86261,0.72,0.56498,0.735,0.85,0.05
Libya,2015,63,5.754,1.13145,1.11862,0.7038,0.41668,0.11023,0.18295
Libya,2016,67,5.615,1.06688,0.95076,0.52304,0.40672,0.10339,0.17087
Libya,2017,68,5.525,1.1018,1.35756,0.52017,0.46573,0.09261,0.15207
Libya,2018,70,5.566,0.985,1.35,0.553,0.496,0.148,0.116
Libya,2019,72,5.525,1.044,1.303,0.673,0.416,0.152,0.133
Libya,2020,80,5.489,0.99077,0.82594,0.623,0.77316,0.66878,-0.08505
Libya,2021,80,5.41,0.98327,0.827,0.623,0.771,0.667,-0.087
Lithuania,2015,56,5.833,1.14723,1.25745,0.73128,0.21342,0.01031,0.02641
Lithuania,2016,60,5.813,1.2692,1.06411,0.64674,0.18929,0.0182,0.02025
Lithuania,2017,52,5.902,1.31458,1.47352,0.62895,0.23423,0.01187,0.01016
Lithuania,2018,50,5.952,1.197,1.527,0.716,0.35,0.006,0.026
Lithuania,2019,42,6.149,1.238,1.515,0.818,0.291,0.042,0.043
Lithuania,2020,41,6.215,1.01467,0.92611,0.67294,0.74738,0.80958,-0.21973
Lithuania,2021,38,6.255,1.02115,0.935,0.67906,0.773,0.826,-0.203
Luxembourg,2015,17,6.946,1.56391,1.21963,0.91894,0.61583,0.37798,0.28034
Luxembourg,2016,20,6.871,1.69752,1.03999,0.84542,0.5487,0.35329,0.27571
Luxembourg,2017,18,6.863,1.74194,1.45758,0.84509,0.59663,0.31883,0.28318
Luxembourg,2018,17,6.91,1.576,1.52,0.896,0.632,0.321,0.196
Luxembourg,2019,14,7.09,1.609,1.479,1.012,0.526,0.316,0.194
Luxembourg,2020,10,7.238,1.05883,0.90691,0.726,0.90564,0.36708,-0.00462
Luxembourg,2021,8,7.324,1.06621,0.908,0.726,0.907,0.386,-0.034
Macedonia,2015,93,5.007,0.91851,1.00232,0.73545,0.33457,0.05327,0.22359
Macedonia,2016,95,5.121,1.0193,0.78236,0.64738,0.27668,0.07047,0.23507
Macedonia,2017,92,5.175,1.06458,1.20789,0.64495,0.32591,0.06028,0.25376
Macedonia,2018,89,5.185,0.959,1.239,0.691,0.394,0.052,0.173
Macedonia,2020,90,5.16,0.97821,0.82039,0.67504,0.73884,0.89749,-0.01988
Madagascar,2015,147,3.681,0.20824,0.66801,0.46721,0.19184,0.08124,0.21333
Madagascar,2016,148,3.695,0.27954,0.46115,0.37109,0.13684,0.07506,0.2204
Madagascar,2017,144,3.644,0.30581,0.91302,0.37522,0.1892,0.06723,0.20873
Madagascar,2018,143,3.774,0.262,0.908,0.402,0.221,0.049,0.155
Madagascar,2019,143,3.933,0.274,0.916,0.555,0.148,0.041,0.169
Madagascar,2020,137,4.166,0.86223,0.6682,0.59105,0.55757,0.81749,-0.01182
Madagascar,2021,135,4.208,0.869,0.686,0.59305,0.552,0.803,-0.005
Malawi,2015,131,4.292,0.01604,0.41134,0.22562,0.43054,0.06977,0.33128
Malawi,2016,132,4.156,0.08709,0.147,0.29364,0.4143,0.07564,0.30968
Malawi,2017,136,3.97,0.23344,0.51257,0.31509,0.46691,0.07271,0.28717
Malawi,2018,147,3.587,0.186,0.541,0.306,0.531,0.08,0.21
Malawi,2019,150,3.41,0.191,0.56,0.495,0.443,0.089,0.218
Malawi,2020,145,3.538,0.84894,0.54401,0.57593,0.80322,0.7317,0.02143
Malawi,2021,144,3.6,0.84248,0.537,0.57948,0.78,0.729,0.038
Malaysia,2015,61,5.77,1.12486,1.07023,0.72394,0.53024,0.10501,0.33075
Malaysia,2016,47,6.005,1.25142,0.88025,0.62366,0.39031,0.09081,0.41474
Malaysia,2017,42,6.084,1.29122,1.28465,0.61878,0.40226,0.0656,0.41661
Malaysia,2018,35,6.322,1.161,1.258,0.669,0.356,0.059,0.311
Malaysia,2019,80,5.339,1.221,1.171,0.828,0.508,0.024,0.26
Malaysia,2020,82,5.384,1.01125,0.81651,0.67102,0.89463,0.8393,0.11473
Malaysia,2021,81,5.384,1.01022,0.817,0.67102,0.895,0.839,0.125
Maldives,2020,87,5.198,0.97857,0.91316,0.706,0.85396,0.82421,0.03809
Maldives,2021,89,5.198,0.99238,0.913,0.706,0.854,0.825,0.024
Mali,2015,138,3.995,0.26074,1.03526,0.20583,0.38857,0.12352,0.18798
Mali,2016,135,4.073,0.31292,0.86333,0.16347,0.27544,0.13647,0.21064
Mali,2017,127,4.19,0.47618,1.28147,0.16937,0.30661,0.10497,0.18335
Mali,2018,118,4.447,0.37,1.233,0.152,0.367,0.056,0.139
Mali,2019,128,4.39,0.385,1.105,0.308,0.327,0.052,0.153
Mali,2020,114,4.729,0.88252,0.73147,0.51727,0.71157,0.83933,-0.04437
Mali,2021,117,4.723,0.88897,0.724,0.51969,0.697,0.827,-0.036
Malta,2015,37,6.302,1.2074,1.30203,0.88721,0.60365,0.13586,0.51752
Malta,2016,30,6.488,1.30782,1.09879,0.80315,0.54994,0.17554,0.56237
Malta,2017,27,6.527,1.34328,1.48841,0.82194,0.58877,0.15307,0.57473
Malta,2018,22,6.627,1.27,1.525,0.884,0.645,0.142,0.376
Malta,2019,22,6.726,1.3,1.52,0.999,0.564,0.151,0.375
Malta,2020,22,6.773,1.02259,0.93038,0.722,0.92491,0.65855,0.21497
Malta,2021,23,6.602,1.02833,0.931,0.722,0.927,0.653,0.133
Mauritania,2015,124,4.436,0.45407,0.86908,0.35874,0.24232,0.17461,0.219
Mauritania,2016,130,4.201,0.61391,0.84142,0.28639,0.1268,0.17955,0.22686
Mauritania,2017,123,4.292,0.64846,1.27203,0.28535,0.0961,0.13696,0.20187
Mauritania,2018,126,4.356,0.557,1.245,0.292,0.129,0.093,0.134
Mauritania,2019,122,4.49,0.57,1.167,0.489,0.066,0.088,0.106
Mauritania,2020,129,4.375,0.91561,0.79082,0.5701,0.55152,0.74622,-0.10601
Mauritania,2021,134,4.227,0.93156,0.795,0.57161,0.561,0.731,-0.106
Mauritius,2015,71,5.477,1.00761,0.98521,0.7095,0.56066,0.07521,0.37744
Mauritius,2016,66,5.648,1.14372,0.75695,0.66189,0.46145,0.05203,0.36951
Mauritius,2017,64,5.629,1.1894,1.20956,0.63801,0.49125,0.04218,0.36093
Mauritius,2018,55,5.891,1.09,1.387,0.684,0.584,0.05,0.245
Mauritius,2019,57,5.888,1.12,1.402,0.798,0.498,0.06,0.215
Mauritius,2020,49,6.101,0.99812,0.91036,0.66404,0.88953,0.80534,-0.01832
Mauritius,2021,50,6.049,1.00035,0.905,0.66701,0.867,0.789,-0.054
Mexico,2015,14,7.187,1.02054,0.91451,0.81444,0.48181,0.21312,0.14074
Mexico,2016,21,6.778,1.11508,0.7146,0.71143,0.37709,0.18355,0.11735
Mexico,2017,25,6.578,1.15318,1.21086,0.70998,0.41273,0.13277,0.12099
Mexico,2018,24,6.488,1.038,1.252,0.761,0.479,0.095,0.069
Mexico,2019,23,6.595,1.07,1.323,0.861,0.433,0.073,0.074
Mexico,2020,24,6.465,0.99113,0.83867,0.68299,0.85871,0.80682,-0.17527
Mexico,2021,36,6.317,0.99383,0.831,0.68597,0.862,0.799,-0.147
Moldova,2015,52,5.889,0.59448,1.01528,0.61826,0.32818,0.01615,0.20951
Moldova,2016,55,5.897,0.69177,0.83132,0.52309,0.25202,0.01903,0.19997
Moldova,2017,56,5.838,0.72887,1.25183,0.58947,0.24073,0.01009,0.20878
Moldova,2018,67,5.64,0.657,1.301,0.62,0.232,0,0.171
Moldova,2019,71,5.529,0.685,1.328,0.739,0.245,0,0.181
Moldova,2020,70,5.608,0.94333,0.84331,0.65013,0.72161,0.91331,-0.03774
Moldova,2021,65,5.766,0.97562,0.857,0.65699,0.822,0.918,-0.079
Mongolia,2015,100,4.874,0.82819,1.3006,0.60268,0.43626,0.02666,0.3323
Mongolia,2016,101,4.907,0.98853,1.08983,0.55469,0.35972,0.03285,0.34539
Mongolia,2017,100,4.955,1.02724,1.49301,0.55778,0.39414,0.0329,0.33846
Mongolia,2018,94,5.125,0.914,1.517,0.575,0.395,0.032,0.253
Mongolia,2019,83,5.285,0.948,1.531,0.667,0.317,0.038,0.235
Mongolia,2020,81,5.456,0.97369,0.93714,0.62304,0.69335,0.86351,0.09809
Mongolia,2021,70,5.677,0.97313,0.935,0.625,0.708,0.856,0.116
Montenegro,2015,82,5.192,0.97438,0.90557,0.72521,0.1826,0.14296,0.1614
Montenegro,2016,88,5.161,1.07838,0.74173,0.63533,0.15111,0.12721,0.17191
Montenegro,2017,83,5.237,1.12113,1.23838,0.66746,0.19499,0.08817,0.19791
Montenegro,2018,81,5.347,1.017,1.279,0.729,0.259,0.081,0.111
Montenegro,2019,73,5.523,1.051,1.361,0.871,0.197,0.08,0.142
Montenegro,2020,72,5.546,0.98909,0.85531,0.68505,0.64957,0.78312,-0.0756
Montenegro,2021,72,5.581,0.99739,0.858,0.68699,0.708,0.812,-0.034
Morocco,2015,92,5.013,0.73479,0.64095,0.60954,0.41691,0.08546,0.07172
Morocco,2016,90,5.151,0.84058,0.38595,0.59471,0.25646,0.08404,0.04053
Morocco,2017,84,5.235,0.87811,0.77486,0.59771,0.40816,0.08776,0.03221
Morocco,2018,85,5.254,0.779,0.797,0.669,0.46,0.074,0.026
Morocco,2019,89,5.208,0.801,0.782,0.782,0.418,0.076,0.036
Morocco,2020,97,5.095,0.95135,0.59263,0.65896,0.77207,0.81572,-0.24038
Morocco,2021,106,4.918,0.94954,0.56,0.66208,0.774,0.801,-0.236
Mozambique,2015,94,4.971,0.08308,1.02626,0.09131,0.34037,0.15603,0.22269
Mozambique,2017,113,4.55,0.23431,0.8707,0.10665,0.48079,0.17944,0.32223
Mozambique,2018,123,4.417,0.198,0.902,0.173,0.531,0.158,0.206
Mozambique,2019,123,4.466,0.204,0.986,0.39,0.494,0.138,0.197
Mozambique,2020,120,4.624,0.84938,0.72387,0.54206,0.86445,0.68302,0.03238
Mozambique,2021,115,4.794,0.85479,0.744,0.54706,0.882,0.684,0.061
Myanmar,2015,129,4.307,0.27108,0.70905,0.48246,0.44017,0.19034,0.79588
Myanmar,2016,119,4.395,0.34112,0.69981,0.3988,0.42692,0.20243,0.81971
Myanmar,2017,114,4.545,0.36711,1.12324,0.39752,0.51449,0.18882,0.83808
Myanmar,2018,130,4.308,0.682,1.174,0.429,0.58,0.178,0.598
Myanmar,2019,131,4.36,0.71,1.181,0.555,0.525,0.172,0.566
Myanmar,2020,133,4.308,0.93854,0.78441,0.58962,0.89508,0.64512,0.56066
Myanmar,2021,126,4.426,0.93151,0.779,0.59302,0.876,0.66,0.509
Namibia,2016,113,4.574,0.93287,0.70362,0.34745,0.48614,0.10398,0.07795
Namibia,2017,111,4.574,0.96443,1.09847,0.33861,0.5203,0.09315,0.07713
Namibia,2018,119,4.441,0.874,1.281,0.365,0.519,0.064,0.051
Namibia,2019,113,4.639,0.879,1.313,0.477,0.401,0.056,0.07
Namibia,2020,122,4.571,0.96394,0.84688,0.56501,0.76752,0.85145,-0.18531
Namibia,2021,124,4.574,0.96194,0.818,0.56799,0.719,0.847,-0.149
Nepal,2015,121,4.514,0.35997,0.86449,0.56874,0.38282,0.05907,0.32296
Nepal,2016,107,4.793,0.44626,0.69699,0.50073,0.37012,0.07008,0.3816
Nepal,2017,99,4.962,0.47982,1.17928,0.50413,0.44031,0.07298,0.3941
Nepal,2018,101,4.88,0.425,1.228,0.539,0.526,0.078,0.302
Nepal,2019,100,4.913,0.446,1.226,0.677,0.439,0.089,0.285
Nepal,2020,92,5.137,0.89902,0.78551,0.63779,0.79757,0.7381,0.15417
Nepal,2021,87,5.269,0.90956,0.774,0.64233,0.782,0.727,0.152
Netherlands,2015,7,7.378,1.32944,1.28017,0.89284,0.61576,0.31814,0.4761
Netherlands,2016,7,7.339,1.46468,1.02912,0.81231,0.55211,0.29927,0.47416
Netherlands,2017,6,7.377,1.50394,1.42894,0.8107,0.58538,0.28266,0.47049
Netherlands,2018,6,7.441,1.361,1.488,0.878,0.638,0.295,0.333
Netherlands,2019,5,7.488,1.396,1.522,0.999,0.557,0.298,0.322
Netherlands,2020,6,7.449,1.03393,0.93914,0.72301,0.90855,0.36472,0.20761
Netherlands,2021,5,7.464,1.0387,0.942,0.724,0.913,0.338,0.175
New Zealand,2015,9,7.286,1.25018,1.31967,0.90837,0.63938,0.42922,0.47501
New Zealand,2016,8,7.334,1.36066,1.17278,0.83096,0.58147,0.41904,0.49401
New Zealand,2017,8,7.314,1.40571,1.5482,0.81676,0.61406,0.38282,0.50001
New Zealand,2018,8,7.324,1.268,1.601,0.876,0.669,0.389,0.365
New Zealand,2019,8,7.307,1.303,1.557,1.026,0.585,0.38,0.33
New Zealand,2020,8,7.3,1.02123,0.94912,0.73203,0.93622,0.22114,0.1916
New Zealand,2021,9,7.277,1.02706,0.948,0.734,0.929,0.242,0.134
Nicaragua,2015,57,5.828,0.59325,1.14184,0.74314,0.55475,0.19317,0.27815
Nicaragua,2016,48,5.992,0.69384,0.89521,0.65213,0.46582,0.16292,0.29773
Nicaragua,2017,43,6.071,0.7373,1.28722,0.6531,0.44755,0.13069,0.30167
Nicaragua,2018,41,6.141,0.668,1.319,0.7,0.527,0.128,0.208
Nicaragua,2019,45,6.105,0.694,1.325,0.835,0.435,0.127,0.2
Nicaragua,2020,46,6.137,0.92907,0.8575,0.67507,0.8639,0.66595,0.02096
Nicaragua,2021,55,5.972,0.93551,0.864,0.67657,0.836,0.664,0.02
Niger,2015,144,3.845,0.0694,0.77265,0.29707,0.47692,0.15639,0.19387
Niger,2016,142,3.856,0.1327,0.6053,0.26162,0.38041,0.17176,0.2097
Niger,2017,135,4.028,0.16193,0.99303,0.26851,0.36366,0.13857,0.22867
Niger,2018,134,4.166,0.131,0.867,0.221,0.39,0.099,0.175
Niger,2019,114,4.628,0.138,0.774,0.366,0.318,0.102,0.188
Niger,2020,103,4.91,0.83519,0.61744,0.535,0.75977,0.72253,0.01386
Niger,2021,96,5.074,0.85114,0.641,0.5378,0.806,0.693,0.018
Nigeria,2015,78,5.268,0.65435,0.90432,0.16007,0.34334,0.0403,0.27233
Nigeria,2016,103,4.875,0.75216,0.64498,0.05108,0.27854,0.0305,0.23219
Nigeria,2017,95,5.074,0.78376,1.21577,0.05692,0.39495,0.02612,0.23095
Nigeria,2018,91,5.155,0.689,1.172,0.048,0.462,0.032,0.201
Nigeria,2019,85,5.265,0.696,1.111,0.245,0.426,0.041,0.215
Nigeria,2020,115,4.724,0.93332,0.73722,0.49862,0.75958,0.86187,0.03375
Nigeria,2021,116,4.759,0.9311,0.74,0.50102,0.737,0.878,0.037
North Cyprus,2015,66,5.695,1.20806,1.07008,0.92356,0.49027,0.1428,0.26169
North Cyprus,2016,62,5.771,1.31141,0.81826,0.84142,0.43596,0.16578,0.26322
North Cyprus,2017,61,5.81,1.34691,1.1863,0.83465,0.4712,0.15535,0.26685
North Cyprus,2020,76,5.536,1.01727,0.82036,0.73702,0.79529,0.62612,0.00023
North Cyprus,2021,74,5.536,1.02432,0.82,0.73898,0.795,0.626,0.012
North Macedonia,2019,84,5.274,0.983,1.294,0.838,0.345,0.034,0.185
North Macedonia,2021,94,5.101,0.98646,0.805,0.65474,0.751,0.905,0.038
Northern Cyprus,2018,58,5.835,1.229,1.211,0.909,0.495,0.154,0.179
Northern Cyprus,2019,64,5.718,1.263,1.252,1.042,0.417,0.162,0.191
Norway,2015,4,7.522,1.459,1.33095,0.88521,0.66973,0.36503,0.34699
Norway,2016,4,7.498,1.57744,1.1269,0.79579,0.59609,0.35776,0.37895
Norway,2017,1,7.537,1.61646,1.53352,0.79667,0.63542,0.31596,0.36201
Norway,2018,2,7.594,1.456,1.582,0.861,0.686,0.34,0.286
Norway,2019,3,7.554,1.488,1.582,1.028,0.603,0.341,0.271
Norway,2020,5,7.488,1.04485,0.95249,0.73201,0.95575,0.26322,0.13453
Norway,2021,6,7.392,1.04348,0.954,0.733,0.96,0.27,0.093
Oman,2015,22,6.853,1.36011,1.08182,0.76276,0.63274,0.32524,0.21542
Pakistan,2015,81,5.194,0.59543,0.41411,0.51466,0.12102,0.10464,0.33671
Pakistan,2016,92,5.132,0.68816,0.26135,0.40306,0.14622,0.1388,0.31185
Pakistan,2017,80,5.269,0.72688,0.67269,0.40205,0.23522,0.12435,0.31545
Pakistan,2018,75,5.472,0.652,0.81,0.424,0.334,0.113,0.216
Pakistan,2019,67,5.653,0.677,0.886,0.535,0.313,0.098,0.22
Pakistan,2020,66,5.693,0.92854,0.68906,0.58253,0.73483,0.74571,0.0449
Pakistan,2021,105,4.934,0.92727,0.651,0.58709,0.726,0.787,0.098
Palestinian Territories,2015,108,4.715,0.59867,0.92558,0.66015,0.24499,0.12905,0.11251
Palestinian Territories,2016,108,4.754,0.67024,0.71629,0.56844,0.17744,0.10613,0.11154
Palestinian Territories,2017,103,4.775,0.71625,1.15565,0.56567,0.25471,0.08928,0.11417
Palestinian Territories,2018,104,4.743,0.642,1.217,0.602,0.266,0.076,0.086
Palestinian Territories,2019,110,4.696,0.657,1.247,0.672,0.225,0.066,0.103
Palestinian Territories,2020,125,4.553,0.92372,0.8253,0.6225,0.64579,0.8242,-0.16208
Palestinian Territories,2021,125,4.517,0.92865,0.826,0.6225,0.653,0.821,-0.163
Panama,2015,25,6.786,1.06353,1.1985,0.79661,0.5421,0.0927,0.24434
Panama,2016,25,6.701,1.18306,0.98912,0.70835,0.48927,0.08423,0.2418
Panama,2017,30,6.452,1.23375,1.37319,0.70616,0.55003,0.07098,0.21056
Panama,2018,27,6.43,1.112,1.438,0.759,0.597,0.063,0.125
Panama,2019,31,6.321,1.149,1.442,0.91,0.516,0.054,0.109
Panama,2020,36,6.305,1.00148,0.90209,0.69603,0.88037,0.85159,-0.15393
Panama,2021,41,6.18,1.01494,0.896,0.69652,0.872,0.856,-0.166
Paraguay,2015,53,5.878,0.75985,1.30477,0.66098,0.53899,0.08242,0.3424
Paraguay,2016,70,5.538,0.89373,1.11111,0.58295,0.46235,0.07396,0.25296
Paraguay,2017,70,5.493,0.93254,1.50728,0.57925,0.47351,0.09107,0.22415
Paraguay,2018,64,5.681,0.835,1.522,0.615,0.541,0.074,0.162
Paraguay,2019,63,5.743,0.855,1.475,0.777,0.514,0.08,0.184
Paraguay,2020,67,5.692,0.97266,0.89873,0.6564,0.88592,0.83479,0.008
Paraguay,2021,71,5.653,0.97534,0.893,0.659,0.876,0.882,0.028
Peru,2015,58,5.824,0.90019,0.97459,0.73017,0.41496,0.05989,0.14982
Peru,2016,64,5.743,0.99602,0.81255,0.62994,0.37502,0.05292,0.14527
Peru,2017,63,5.715,1.03523,1.21877,0.63017,0.45,0.04705,0.12682
Peru,2018,65,5.663,0.934,1.249,0.674,0.53,0.034,0.092
Peru,2019,65,5.697,0.96,1.274,0.854,0.455,0.027,0.083
Peru,2020,63,5.797,0.97572,0.83108,0.681,0.82477,0.89371,-0.16239
Peru,2021,63,5.84,0.9758,0.832,0.6825,0.822,0.891,-0.154
Philippines,2015,90,5.073,0.70532,1.03516,0.58114,0.62545,0.12279,0.24991
Philippines,2016,82,5.279,0.81217,0.87877,0.47036,0.54854,0.11757,0.21674
Philippines,2017,72,5.43,0.8577,1.25392,0.46801,0.58521,0.09933,0.19351
Philippines,2018,71,5.524,0.775,1.312,0.513,0.643,0.105,0.12
Philippines,2019,69,5.631,0.807,1.293,0.657,0.558,0.107,0.117
Philippines,2020,52,6.006,0.95393,0.84673,0.61927,0.91546,0.73363,-0.10546
Philippines,2021,61,5.88,0.95789,0.83,0.62,0.917,0.742,-0.097
Poland,2015,60,5.791,1.12555,1.27948,0.77903,0.53122,0.04212,0.16759
Poland,2016,57,5.835,1.24585,1.04685,0.69058,0.4519,0.055,0.14443
Poland,2017,46,5.973,1.29179,1.44571,0.69948,0.52034,0.05931,0.15847
Poland,2018,42,6.123,1.176,1.448,0.781,0.546,0.064,0.108
Poland,2019,40,6.182,1.206,1.438,0.884,0.483,0.05,0.117
Poland,2020,43,6.186,1.01136,0.87426,0.69311,0.86206,0.68693,-0.20508
Poland,2021,44,6.166,1.01628,0.898,0.69702,0.841,0.735,-0.165
Portugal,2015,88,5.102,1.15991,1.13935,0.87519,0.51469,0.01078,0.13719
Portugal,2016,94,5.123,1.27607,0.94367,0.79363,0.44727,0.01521,0.11691
Portugal,2017,89,5.195,1.31518,1.36704,0.79584,0.49847,0.01587,0.0951
Portugal,2018,77,5.41,1.188,1.429,0.884,0.562,0.017,0.055
Portugal,2019,66,5.693,1.221,1.431,0.999,0.508,0.025,0.047
Portugal,2020,59,5.911,1.01131,0.88659,0.72402,0.88875,0.89263,-0.22071
Portugal,2021,58,5.929,1.01791,0.879,0.726,0.892,0.887,-0.244
Puerto Rico,2016,15,7.039,1.35943,1.08113,0.77758,0.46823,0.12275,0.22202
Qatar,2015,28,6.611,1.69042,1.0786,0.79733,0.6404,0.52208,0.32573
Qatar,2016,36,6.375,1.82427,0.87964,0.71723,0.56679,0.48049,0.32388
Qatar,2017,35,6.375,1.87077,1.2743,0.7101,0.60413,0.4393,0.33047
Qatar,2018,32,6.374,1.649,1.303,0.748,0.654,0.171,0.256
Qatar,2019,29,6.374,1.684,1.313,0.871,0.555,0.167,0.22
Romania,2015,86,5.124,1.04345,0.88588,0.7689,0.35068,0.00649,0.13748
Romania,2016,71,5.528,1.1697,0.72803,0.67602,0.36712,0.00679,0.12889
Romania,2017,57,5.825,1.21768,1.15009,0.68516,0.457,0.00439,0.13352
Romania,2018,52,5.945,1.116,1.219,0.726,0.528,0.001,0.088
Romania,2019,48,6.07,1.162,1.232,0.825,0.462,0.005,0.083
Romania,2020,47,6.124,1.00465,0.82516,0.67207,0.84282,0.9343,-0.19782
Romania,2021,46,6.14,1.01216,0.832,0.67355,0.845,0.938,-0.219
Russia,2015,64,5.716,1.13764,1.23617,0.66926,0.36679,0.03005,0.00199
Russia,2016,56,5.856,1.23228,1.05261,0.58991,0.32682,0.03586,0.02736
Russia,2017,49,5.963,1.28178,1.46928,0.54735,0.37378,0.03296,0.05226
Russia,2018,59,5.81,1.151,1.479,0.599,0.399,0.025,0.065
Russia,2019,68,5.648,1.183,1.452,0.726,0.334,0.031,0.082
Russia,2020,73,5.546,1.00556,0.90315,0.641,0.72989,0.8648,-0.15115
Russia,2021,76,5.477,1.00813,0.903,0.64703,0.718,0.845,-0.111
Rwanda,2015,154,3.465,0.22208,0.7737,0.42864,0.59201,0.55191,0.22628
Rwanda,2016,152,3.515,0.32846,0.61586,0.31865,0.5432,0.50521,0.23552
Rwanda,2017,151,3.471,0.36875,0.94571,0.32642,0.58184,0.45522,0.25276
Rwanda,2018,151,3.408,0.332,0.896,0.4,0.636,0.444,0.2
Rwanda,2019,152,3.334,0.359,0.711,0.614,0.555,0.411,0.217
Rwanda,2020,150,3.312,0.88082,0.54084,0.61099,0.90059,0.18354,0.05548
Rwanda,2021,147,3.415,0.88513,0.552,0.614,0.897,0.167,0.061
Saudi Arabia,2015,35,6.411,1.39541,1.08393,0.72025,0.31048,0.32524,0.13706
Saudi Arabia,2016,34,6.379,1.48953,0.84829,0.59267,0.37904,0.30008,0.15457
Saudi Arabia,2017,37,6.344,1.53062,1.28668,0.59015,0.44975,0.27343,0.14762
Saudi Arabia,2018,33,6.371,1.379,1.331,0.633,0.509,0.127,0.098
Saudi Arabia,2019,28,6.375,1.403,1.357,0.795,0.439,0.132,0.08
Saudi Arabia,2020,27,6.406,1.03334,0.87407,0.66305,0.85419,0.68262,-0.1687
Saudi Arabia,2021,26,6.494,1.03113,0.891,0.66603,0.877,0.684,-0.149
Senegal,2015,142,3.904,0.36498,0.97619,0.4354,0.36772,0.10713,0.20843
Senegal,2016,128,4.219,0.44314,0.77416,0.40457,0.31056,0.11681,0.19103
Senegal,2017,115,4.535,0.47931,1.17969,0.40936,0.37792,0.11546,0.18347
Senegal,2018,109,4.631,0.429,1.117,0.433,0.406,0.082,0.138
Senegal,2019,111,4.681,0.45,1.134,0.571,0.292,0.072,0.153
Senegal,2020,101,4.981,0.9095,0.72362,0.59599,0.6906,0.80879,-0.05234
Senegal,2021,92,5.132,0.90945,0.71,0.59802,0.695,0.801,-0.046
Serbia,2015,87,5.123,0.92053,1.00964,0.74836,0.20107,0.02617,0.19231
Serbia,2016,86,5.177,1.03437,0.81329,0.6458,0.15718,0.04339,0.20737
Serbia,2017,73,5.395,1.06932,1.25819,0.65078,0.20872,0.0409,0.22013
Serbia,2018,78,5.398,0.975,1.369,0.685,0.288,0.043,0.134
Serbia,2019,70,5.603,1.004,1.383,0.854,0.282,0.039,0.137
Serbia,2020,64,5.778,0.98592,0.88148,0.6821,0.7265,0.84351,-0.07368
Serbia,2021,48,6.078,0.99065,0.873,0.686,0.778,0.835,0.002
Sierra Leone,2015,123,4.507,0.33024,0.95571,0,0.4084,0.08786,0.21488
Sierra Leone,2016,111,4.635,0.36485,0.628,0,0.30685,0.08196,0.23897
Sierra Leone,2017,106,4.709,0.36842,0.98414,0.00556,0.3187,0.0711,0.29304
Sierra Leone,2018,113,4.571,0.256,0.813,0,0.355,0.053,0.238
Sierra Leone,2019,129,4.374,0.268,0.841,0.242,0.309,0.045,0.252
Sierra Leone,2020,139,3.926,0.86146,0.63614,0.50865,0.71532,0.86133,0.08866
Sierra Leone,2021,138,3.849,0.87122,0.63,0.51651,0.717,0.866,0.084
Singapore,2015,24,6.798,1.52186,1.02,1.02525,0.54252,0.4921,0.31105
Singapore,2016,22,6.739,1.64555,0.86758,0.94719,0.4877,0.46987,0.32706
Singapore,2017,26,6.572,1.69228,1.35381,0.94949,0.54984,0.46431,0.34597
Singapore,2018,34,6.343,1.529,1.451,1.008,0.631,0.457,0.261
Singapore,2019,34,6.262,1.572,1.463,1.141,0.556,0.453,0.271
Singapore,2020,31,6.377,1.05673,0.91027,0.76805,0.92665,0.10978,0.02988
Singapore,2021,32,6.377,1.06024,0.915,0.76953,0.927,0.082,-0.018
Slovakia,2015,45,5.995,1.16891,1.26999,0.78902,0.31751,0.03431,0.16893
Slovakia,2016,45,6.078,1.27973,1.08268,0.70367,0.23391,0.02947,0.13837
Slovakia,2017,40,6.098,1.32539,1.50506,0.71273,0.29582,0.02421,0.13654
Slovakia,2018,39,6.173,1.21,1.537,0.776,0.354,0.014,0.118
Slovakia,2019,38,6.198,1.246,1.504,0.881,0.334,0.014,0.121
Slovakia,2020,37,6.281,1.01485,0.92249,0.68906,0.74995,0.9181,-0.12441
Slovakia,2021,34,6.331,1.01574,0.936,0.69201,0.766,0.911,-0.124
Slovenia,2015,55,5.848,1.18498,1.27385,0.87337,0.60855,0.03787,0.25328
Slovenia,2016,63,5.768,1.29947,1.05613,0.79151,0.53164,0.03635,0.25738
Slovenia,2017,62,5.758,1.34121,1.45252,0.79083,0.57258,0.04513,0.24265
Slovenia,2018,51,5.948,1.219,1.506,0.856,0.633,0.051,0.16
Slovenia,2019,44,6.118,1.258,1.523,0.953,0.564,0.057,0.144
Slovenia,2020,33,6.363,1.01671,0.93958,0.71103,0.93614,0.81707,-0.0806
Slovenia,2021,29,6.461,1.02239,0.948,0.714,0.949,0.806,-0.101
Somalia,2016,76,5.44,0,0.33613,0.11466,0.56778,0.3118,0.27225
Somalia,2017,93,5.151,0.02264,0.72115,0.11399,0.60213,0.28241,0.29163
Somalia,2018,98,4.982,0,0.712,0.115,0.674,0.282,0.238
Somalia,2019,112,4.668,0,0.698,0.268,0.559,0.27,0.243
Somaliland region,2015,91,5.057,0.18847,0.95152,0.43873,0.46582,0.39928,0.50318
Somaliland region,2016,97,5.057,0.25558,0.75862,0.33108,0.3913,0.36794,0.51479
South Africa,2015,113,4.642,0.92049,1.18468,0.27688,0.33207,0.08884,0.11973
South Africa,2016,116,4.459,1.02416,0.96053,0.18611,0.42483,0.08415,0.13656
South Africa,2017,101,4.829,1.0547,1.38479,0.18708,0.47925,0.07251,0.13936
South Africa,2018,105,4.724,0.94,1.41,0.33,0.516,0.056,0.103
South Africa,2019,106,4.722,0.96,1.351,0.469,0.389,0.055,0.13
South Africa,2020,109,4.814,0.97328,0.85253,0.56506,0.75933,0.84342,-0.10978
South Africa,2021,103,4.956,0.97327,0.86,0.56904,0.749,0.86,-0.067
South Korea,2015,47,5.984,1.24461,0.95774,0.96538,0.33208,0.07857,0.18557
South Korea,2016,57,5.835,1.35948,0.72194,0.88645,0.25168,0.07716,0.18824
South Korea,2017,55,5.838,1.40168,1.12827,0.90021,0.25792,0.06328,0.20667
South Korea,2018,57,5.875,1.266,1.204,0.955,0.244,0.051,0.175
South Korea,2019,54,5.895,1.301,1.219,1.036,0.159,0.056,0.175
South Korea,2020,61,5.872,1.02163,0.79939,0.73603,0.61297,0.78907,-0.0434
South Korea,2021,62,5.845,1.02739,0.799,0.739,0.672,0.727,-0.083
South Sudan,2016,143,3.832,0.39394,0.18519,0.15781,0.19662,0.13015,0.25899
South Sudan,2017,147,3.591,0.39725,0.60132,0.16349,0.14706,0.11679,0.28567
South Sudan,2018,154,3.254,0.337,0.608,0.177,0.112,0.106,0.224
South Sudan,2019,156,2.853,0.306,0.575,0.295,0.01,0.091,0.202
South Sudan,2020,152,2.817,0.87072,0.55371,0.51,0.45131,0.76342,0.01652
Spain,2015,36,6.329,1.23011,1.31379,0.95562,0.45951,0.06398,0.18227
Spain,2016,37,6.361,1.34253,1.12945,0.87896,0.37545,0.06137,0.17665
Spain,2017,34,6.403,1.3844,1.53209,0.88896,0.40878,0.07091,0.19013
Spain,2018,36,6.31,1.251,1.538,0.965,0.449,0.074,0.142
Spain,2019,30,6.354,1.286,1.484,1.062,0.362,0.079,0.153
Spain,2020,28,6.401,1.01965,0.92113,0.74403,0.75199,0.76586,-0.05096
Spain,2021,27,6.491,1.02412,0.932,0.747,0.761,0.745,-0.081
Sri Lanka,2015,132,4.271,0.83524,1.01905,0.70806,0.53726,0.09179,0.40828
Sri Lanka,2016,117,4.415,0.97318,0.84783,0.62007,0.50817,0.07964,0.46978
Sri Lanka,2017,120,4.44,1.00985,1.25998,0.62513,0.56121,0.07365,0.49086
Sri Lanka,2018,116,4.471,0.918,1.314,0.672,0.585,0.05,0.307
Sri Lanka,2019,130,4.366,0.949,1.265,0.831,0.47,0.047,0.244
Sri Lanka,2020,130,4.327,0.97266,0.82537,0.672,0.83763,0.859,0.08113
Sri Lanka,2021,129,4.325,0.97635,0.827,0.67299,0.841,0.863,0.079
Sudan,2015,118,4.55,0.52107,1.01404,0.36878,0.10081,0.1466,0.19062
Sudan,2016,133,4.139,0.63069,0.81928,0.29759,0,0.10039,0.18077
Sudan,2017,130,4.139,0.65952,1.21401,0.29092,0.015,0.08985,0.18232
Sudan,2018,137,4.139,0.605,1.24,0.312,0.016,0.082,0.134
Suriname,2015,40,6.269,0.99534,0.972,0.6082,0.59657,0.13633,0.16991
Suriname,2016,40,6.269,1.09686,0.77866,0.50933,0.52234,0.12692,0.16665
Swaziland,2015,101,4.867,0.71206,1.07284,0.07566,0.30658,0.0306,0.18259
Swaziland,2019,135,4.212,0.811,1.149,0,0.313,0.135,0.074
Swaziland,2020,132,4.308,0.96202,0.77029,0.51188,0.64682,0.70826,-0.1992
Swaziland,2021,130,4.308,0.95737,0.77,0.50833,0.647,0.708,-0.185
Sweden,2015,8,7.364,1.33171,1.28907,0.91087,0.6598,0.43844,0.36262
Sweden,2016,10,7.291,1.45181,1.08764,0.83121,0.58218,0.40867,0.38254
Sweden,2017,9,7.284,1.49439,1.47816,0.83088,0.61292,0.3844,0.3854
Sweden,2018,9,7.314,1.355,1.501,0.913,0.659,0.383,0.285
Sweden,2019,7,7.343,1.387,1.487,1.009,0.574,0.373,0.267
Sweden,2020,7,7.353,1.03176,0.92631,0.72601,0.93914,0.25088,0.11161
Sweden,2021,7,7.363,1.03611,0.934,0.727,0.945,0.237,0.086
Switzerland,2015,1,7.587,1.39651,1.34951,0.94143,0.66557,0.41978,0.29678
Switzerland,2016,2,7.509,1.52733,1.14524,0.86303,0.58557,0.41203,0.28083
Switzerland,2017,4,7.494,1.56498,1.51691,0.85813,0.62007,0.36701,0.29055
Switzerland,2018,5,7.487,1.42,1.549,0.927,0.66,0.357,0.256
Switzerland,2019,6,7.48,1.452,1.526,1.052,0.572,0.343,0.263
Switzerland,2020,3,7.56,1.0406,0.94285,0.74102,0.92134,0.30373,0.10591
Switzerland,2021,3,7.571,1.04599,0.942,0.744,0.919,0.292,0.025
Syria,2015,156,3.006,0.6632,0.47489,0.72193,0.15684,0.18906,0.47179
Syria,2016,156,3.069,0.74719,0.14866,0.62994,0.06912,0.17233,0.48397
Syria,2017,152,3.462,0.77715,0.3961,0.50053,0.08154,0.15135,0.49366
Syria,2018,150,3.462,0.689,0.382,0.539,0.088,0.144,0.376
Syria,2019,149,3.462,0.619,0.378,0.44,0.013,0.141,0.331
Taiwan,2015,38,6.298,1.29098,1.07617,0.8753,0.3974,0.08129,0.25376
Taiwan,2016,34,6.379,1.39729,0.92624,0.79565,0.32377,0.0663,0.25495
Taiwan,2018,26,6.441,1.365,1.436,0.857,0.418,0.078,0.151
Taiwan,2019,25,6.446,1.368,1.43,0.914,0.351,0.097,0.242
Taiwan Province of China,2017,33,6.422,1.43363,1.38457,0.79398,0.36147,0.06383,0.25836
Taiwan Province of China,2020,25,6.455,1.03244,0.89431,0.696,0.77153,0.73188,-0.0732
Taiwan Province of China,2021,24,6.584,1.03627,0.898,0.696,0.784,0.721,-0.07
Tajikistan,2015,106,4.786,0.39047,0.85563,0.57379,0.47216,0.15072,0.22974
Tajikistan,2016,100,4.996,0.48835,0.75602,0.53119,0.43408,0.13509,0.25998
Tajikistan,2017,96,5.041,0.52471,1.27146,0.52924,0.47157,0.14638,0.249
Tajikistan,2018,88,5.199,0.474,1.166,0.598,0.292,0.034,0.187
Tajikistan,2019,74,5.467,0.493,1.098,0.718,0.389,0.144,0.23
Tajikistan,2020,71,5.556,0.90443,0.8353,0.64105,0.83138,0.59208,-0.02509
Tajikistan,2021,78,5.466,0.908,0.86,0.64281,0.832,0.553,-0.056
Tanzania,2015,146,3.781,0.2852,1.00268,0.38215,0.32878,0.05747,0.34377
Tanzania,2016,149,3.666,0.47155,0.77623,0.357,0.3176,0.05099,0.31472
Tanzania,2017,153,3.349,0.51114,1.04199,0.36451,0.39002,0.06604,0.35426
Tanzania,2018,153,3.303,0.455,0.991,0.381,0.481,0.097,0.27
Tanzania,2019,153,3.231,0.476,0.885,0.499,0.417,0.147,0.276
Tanzania,2020,148,3.476,0.90133,0.68893,0.57496,0.82154,0.6198,0.10967
Tanzania,2021,142,3.623,0.89631,0.702,0.57999,0.833,0.577,0.183
Thailand,2015,34,6.455,0.9669,1.26504,0.7385,0.55664,0.03187,0.5763
Thailand,2016,33,6.474,1.0893,1.04477,0.64915,0.49553,0.02833,0.58696
Thailand,2017,32,6.424,1.12787,1.42579,0.64724,0.5802,0.03161,0.57212
Thailand,2018,46,6.072,1.016,1.417,0.707,0.637,0.029,0.364
Thailand,2019,52,6.008,1.05,1.409,0.828,0.557,0.028,0.359
Thailand,2020,54,5.999,0.98864,0.88997,0.67251,0.90506,0.88627,0.26869
Thailand,2021,54,5.985,0.99145,0.888,0.67401,0.884,0.895,0.287
Togo,2015,158,2.839,0.20868,0.13995,0.28443,0.36453,0.10731,0.16681
Togo,2016,155,3.303,0.28123,0,0.24811,0.34678,0.11587,0.17517
Togo,2017,150,3.495,0.30544,0.43188,0.24711,0.38043,0.09567,0.1969
Togo,2018,139,3.999,0.259,0.474,0.253,0.434,0.101,0.158
Togo,2019,139,4.085,0.275,0.572,0.41,0.293,0.085,0.177
Togo,2020,135,4.187,0.86674,0.55131,0.5472,0.64983,0.75773,0.00267
Togo,2021,136,4.107,0.867,0.569,0.54914,0.619,0.772,0.032
Trinidad & Tobago,2018,38,6.192,1.223,1.492,0.564,0.575,0.019,0.171
Trinidad & Tobago,2019,39,6.192,1.231,1.477,0.713,0.489,0.016,0.185
Trinidad and Tobago,2015,41,6.168,1.21183,1.18354,0.61483,0.55884,0.0114,0.31844
Trinidad and Tobago,2016,43,6.168,1.32572,0.98569,0.52608,0.48453,0.01241,0.31935
Trinidad and Tobago,2017,38,6.168,1.36136,1.38023,0.51998,0.51863,0.00896,0.3253
Trinidad and Tobago,2020,42,6.192,1.01115,0.91529,0.635,0.85791,0.91223,0.00053
Tunisia,2015,107,4.739,0.88113,0.60429,0.73793,0.26268,0.06358,0.06431
Tunisia,2016,98,5.045,0.97724,0.43165,0.59577,0.23553,0.0817,0.03936
Tunisia,2017,102,4.805,1.00727,0.86835,0.61321,0.28968,0.08672,0.04969
Tunisia,2018,111,4.592,0.9,0.906,0.69,0.271,0.063,0.04
Tunisia,2019,124,4.461,0.921,1,0.815,0.167,0.055,0.059
Tunisia,2020,128,4.392,0.96918,0.68872,0.66898,0.59336,0.86759,-0.21641
Tunisia,2021,122,4.596,0.96689,0.691,0.67201,0.656,0.87,-0.201
Turkey,2015,76,5.332,1.06098,0.94632,0.73172,0.22815,0.15746,0.12253
Turkey,2016,78,5.389,1.16492,0.87717,0.64718,0.23889,0.12348,0.04707
Turkey,2017,69,5.5,1.19827,1.33775,0.63761,0.30074,0.09967,0.04669
Turkey,2018,74,5.483,1.148,1.38,0.686,0.324,0.109,0.106
Turkey,2019,79,5.373,1.183,1.36,0.808,0.195,0.106,0.083
Turkey,2020,93,5.132,1.00558,0.82631,0.66903,0.60883,0.7482,-0.17105
Turkey,2021,104,4.948,1.0103,0.822,0.67199,0.576,0.776,-0.139
Turkmenistan,2015,70,5.548,0.95847,1.22668,0.53886,0.4761,0.30844,0.16979
Turkmenistan,2016,65,5.658,1.08017,1.03817,0.44006,0.37408,0.28467,0.22567
Turkmenistan,2017,59,5.822,1.13078,1.49315,0.43773,0.41827,0.25927,0.24992
Turkmenistan,2018,68,5.636,1.016,1.533,0.517,0.417,0.037,0.199
Turkmenistan,2019,87,5.247,1.052,1.538,0.657,0.394,0.028,0.244
Turkmenistan,2020,95,5.119,0.98892,0.95897,0.62212,0.82646,0.88369,0.18767
Turkmenistan,2021,97,5.066,0.98358,0.983,0.62409,0.877,0.888,0.273
Uganda,2015,141,3.931,0.21102,1.13299,0.33861,0.45727,0.07267,0.29066
Uganda,2016,145,3.739,0.34719,0.90981,0.19625,0.43653,0.06442,0.27102
Uganda,2017,133,4.081,0.38143,1.12983,0.21763,0.44319,0.05707,0.32577
Uganda,2018,135,4.161,0.322,1.09,0.237,0.45,0.061,0.259
Uganda,2019,136,4.189,0.332,1.069,0.443,0.356,0.06,0.252
Uganda,2020,126,4.432,0.87508,0.76499,0.55708,0.73171,0.83674,0.09949
Uganda,2021,119,4.636,0.88519,0.781,0.56101,0.709,0.855,0.122
Ukraine,2015,111,4.681,0.79907,1.20278,0.6739,0.25123,0.02961,0.15275
Ukraine,2016,123,4.324,0.87287,1.01413,0.58628,0.12859,0.01829,0.20363
Ukraine,2017,132,4.096,0.89465,1.39454,0.5759,0.12297,0.02303,0.27006
Ukraine,2018,138,4.103,0.793,1.413,0.609,0.163,0.011,0.187
Ukraine,2019,133,4.332,0.82,1.39,0.739,0.178,0.01,0.187
Ukraine,2020,123,4.561,0.95476,0.87888,0.64607,0.66308,0.92064,-0.03093
Ukraine,2021,110,4.875,0.97479,0.888,0.64902,0.724,0.924,-0.011
United Arab Emirates,2015,20,6.901,1.42727,1.12575,0.80925,0.64157,0.38583,0.26428
United Arab Emirates,2016,28,6.573,1.57352,0.87114,0.72993,0.56215,0.35561,0.26591
United Arab Emirates,2017,21,6.648,1.62634,1.26641,0.7268,0.60835,0.32449,0.36094
United Arab Emirates,2018,20,6.774,2.096,0.776,0.67,0.284,0,0.186
United Arab Emirates,2019,21,6.825,1.503,1.31,0.825,0.598,0.182,0.262
United Arab Emirates,2020,21,6.791,1.04571,0.84918,0.67083,0.94135,0.5945,0.12345
United Arab Emirates,2021,25,6.561,1.04474,0.844,0.67333,0.932,0.589,0.074
United Kingdom,2015,21,6.867,1.26637,1.28548,0.90943,0.59625,0.32067,0.51912
United Kingdom,2016,23,6.725,1.40283,1.08672,0.80991,0.50036,0.27399,0.50156
United Kingdom,2017,19,6.714,1.44163,1.49646,0.80534,0.50819,0.26543,0.49277
United Kingdom,2018,11,7.19,1.244,1.433,0.888,0.464,0.082,0.262
United Kingdom,2019,15,7.054,1.333,1.538,0.996,0.45,0.278,0.348
United Kingdom,2020,13,7.165,1.02531,0.93668,0.72302,0.83474,0.43592,0.26373
United Kingdom,2021,17,7.064,1.02967,0.934,0.725,0.859,0.459,0.233
United States,2015,15,7.119,1.39451,1.24711,0.86179,0.54604,0.1589,0.40105
United States,2016,13,7.104,1.50796,1.04782,0.779,0.48163,0.14868,0.41077
United States,2017,14,6.993,1.54626,1.41992,0.77429,0.50574,0.13564,0.39258
United States,2018,18,6.886,1.398,1.471,0.819,0.547,0.133,0.291
United States,2019,19,6.892,1.433,1.457,0.874,0.454,0.128,0.28
United States,2020,18,6.94,1.03845,0.91422,0.68299,0.84262,0.69972,0.14989
United States,2021,19,6.951,1.0423,0.92,0.682,0.837,0.698,0.098
Uruguay,2015,32,6.485,1.06166,1.2089,0.8116,0.60362,0.24558,0.2324
Uruguay,2016,29,6.545,1.18157,1.03143,0.72183,0.54388,0.21394,0.18056
Uruguay,2017,28,6.454,1.21756,1.41223,0.71922,0.57939,0.17806,0.1751
Uruguay,2018,31,6.379,1.093,1.459,0.771,0.625,0.155,0.13
Uruguay,2019,33,6.293,1.124,1.465,0.891,0.523,0.15,0.127
Uruguay,2020,26,6.44,0.99774,0.92281,0.69003,0.8924,0.63599,-0.1011
Uruguay,2021,31,6.431,0.99852,0.925,0.691,0.896,0.59,-0.092
Uzbekistan,2015,44,6.003,0.63244,1.34043,0.59772,0.65821,0.30826,0.22837
Uzbekistan,2016,49,5.987,0.73591,1.1681,0.50163,0.60848,0.28333,0.34326
Uzbekistan,2017,47,5.971,0.78644,1.54897,0.49827,0.65825,0.24653,0.41598
Uzbekistan,2018,44,6.096,0.719,1.584,0.605,0.724,0.259,0.328
Uzbekistan,2019,41,6.174,0.745,1.529,0.756,0.631,0.24,0.322
Uzbekistan,2020,38,6.258,0.94153,0.9266,0.65108,0.975,0.5015,0.24843
Uzbekistan,2021,42,6.179,0.94626,0.918,0.65255,0.97,0.515,0.311
Venezuela,2015,23,6.81,1.04424,1.25596,0.72052,0.42908,0.11069,0.05841
Venezuela,2016,44,6.084,1.13367,1.03302,0.61904,0.19847,0.08304,0.0425
Venezuela,2017,82,5.25,1.12843,1.43134,0.61714,0.154,0.06449,0.06502
Venezuela,2018,102,4.806,0.996,1.469,0.657,0.133,0.052,0.056
Venezuela,2019,108,4.707,0.96,1.427,0.805,0.154,0.047,0.064
Venezuela,2020,99,5.053,0.95317,0.89041,0.66505,0.62328,0.83704,-0.16909
Venezuela,2021,107,4.892,0.95775,0.861,0.667,0.615,0.827,-0.169
Vietnam,2015,75,5.36,0.63216,0.91226,0.74676,0.59444,0.10441,0.1686
Vietnam,2016,96,5.061,0.74037,0.79117,0.66157,0.55954,0.11556,0.25075
Vietnam,2017,94,5.074,0.78855,1.27749,0.65217,0.57106,0.08763,0.23497
Vietnam,2018,95,5.103,0.715,1.365,0.702,0.618,0.079,0.177
Vietnam,2019,94,5.175,0.741,1.346,0.851,0.543,0.073,0.147
Vietnam,2020,83,5.353,0.94495,0.84999,0.67953,0.93959,0.79642,-0.09453
Vietnam,2021,79,5.411,0.95294,0.85,0.68034,0.94,0.796,-0.098
Yemen,2015,136,4.077,0.54649,0.68093,0.40064,0.35571,0.07854,0.09131
Yemen,2016,147,3.724,0.57939,0.47493,0.31048,0.2287,0.05892,0.09821
Yemen,2017,146,3.593,0.59168,0.93538,0.31008,0.24946,0.05677,0.10413
Yemen,2018,152,3.355,0.442,1.073,0.343,0.244,0.064,0.083
Yemen,2019,151,3.38,0.287,1.163,0.463,0.143,0.077,0.108
Yemen,2020,146,3.527,0.88984,0.81798,0.56727,0.59992,0.80029,-0.15774
Yemen,2021,141,3.658,0.87955,0.832,0.57122,0.602,0.8,-0.147
Zambia,2015,85,5.129,0.47038,0.91612,0.29924,0.48827,0.12468,0.19591
Zambia,2016,106,4.795,0.61202,0.6376,0.23573,0.42662,0.11479,0.17866
Zambia,2017,116,4.514,0.63641,1.00319,0.25784,0.4616,0.07821,0.24958
Zambia,2018,125,4.377,0.562,1.047,0.295,0.503,0.082,0.221
Zambia,2019,138,4.107,0.578,1.058,0.426,0.431,0.087,0.247
Zambia,2020,141,3.759,0.91512,0.69882,0.55299,0.8065,0.80129,0.07804
Zambia,2021,137,4.073,0.91089,0.708,0.55809,0.782,0.823,0.061
Zimbabwe,2015,115,4.61,0.271,1.03276,0.33475,0.25861,0.08079,0.18987
Zimbabwe,2016,131,4.193,0.35041,0.71478,0.1595,0.25429,0.08582,0.18503
Zimbabwe,2017,138,3.875,0.37585,1.0831,0.19676,0.33638,0.09538,0.18914
Zimbabwe,2018,144,3.692,0.357,1.094,0.248,0.406,0.099,0.132
Zimbabwe,2019,146,3.663,0.366,1.114,0.433,0.361,0.089,0.151
Zimbabwe,2020,151,3.299,0.89574,0.76309,0.55617,0.71146,0.81024,-0.07206
Zimbabwe,2021,148,3.145,0.89998,0.75,0.56201,0.677,0.821,-0.047
